-- Adminer 4.6.2 MySQL dump

SET NAMES utf8;
SET time_zone = '+00:00';
SET foreign_key_checks = 0;
SET sql_mode = 'NO_AUTO_VALUE_ON_ZERO';

SET NAMES utf8mb4;

DROP TABLE IF EXISTS `authtoken_token`;
CREATE TABLE `authtoken_token` (
  `key` varchar(40) COLLATE utf8mb4_unicode_ci NOT NULL,
  `created` datetime(6) NOT NULL,
  `user_id` int(11) NOT NULL,
  PRIMARY KEY (`key`),
  UNIQUE KEY `user_id` (`user_id`),
  CONSTRAINT `authtoken_token_user_id_35299eff_fk_dpy_user_id` FOREIGN KEY (`user_id`) REFERENCES `dpy_user` (`id`)
) ENGINE=InnoDB DEFAULT CHARSET=utf8mb4 COLLATE=utf8mb4_unicode_ci;

INSERT INTO `authtoken_token` (`key`, `created`, `user_id`) VALUES
('6ff13ea83f80c52713d457b42a4548335c3c51f7',	'2018-06-27 10:59:55.369167',	5),
('7966a12c1b2fac1da1ff9070ecedcddf1ecdeaca',	'2018-06-27 11:39:19.911313',	6),
('c1c71475b44d440c55475a478de1620490797196',	'2018-06-20 07:00:15.241979',	1);

DROP TABLE IF EXISTS `auth_group`;
CREATE TABLE `auth_group` (
  `id` int(11) NOT NULL AUTO_INCREMENT,
  `name` varchar(80) COLLATE utf8mb4_unicode_ci NOT NULL,
  PRIMARY KEY (`id`),
  UNIQUE KEY `name` (`name`)
) ENGINE=InnoDB DEFAULT CHARSET=utf8mb4 COLLATE=utf8mb4_unicode_ci;


DROP TABLE IF EXISTS `auth_group_permissions`;
CREATE TABLE `auth_group_permissions` (
  `id` int(11) NOT NULL AUTO_INCREMENT,
  `group_id` int(11) NOT NULL,
  `permission_id` int(11) NOT NULL,
  PRIMARY KEY (`id`),
  UNIQUE KEY `auth_group_permissions_group_id_permission_id_0cd325b0_uniq` (`group_id`,`permission_id`),
  KEY `auth_group_permissio_permission_id_84c5c92e_fk_auth_perm` (`permission_id`),
  CONSTRAINT `auth_group_permissio_permission_id_84c5c92e_fk_auth_perm` FOREIGN KEY (`permission_id`) REFERENCES `auth_permission` (`id`),
  CONSTRAINT `auth_group_permissions_group_id_b120cbf9_fk_auth_group_id` FOREIGN KEY (`group_id`) REFERENCES `auth_group` (`id`)
) ENGINE=InnoDB DEFAULT CHARSET=utf8mb4 COLLATE=utf8mb4_unicode_ci;


DROP TABLE IF EXISTS `auth_permission`;
CREATE TABLE `auth_permission` (
  `id` int(11) NOT NULL AUTO_INCREMENT,
  `name` varchar(255) COLLATE utf8mb4_unicode_ci NOT NULL,
  `content_type_id` int(11) NOT NULL,
  `codename` varchar(100) COLLATE utf8mb4_unicode_ci NOT NULL,
  PRIMARY KEY (`id`),
  UNIQUE KEY `auth_permission_content_type_id_codename_01ab375a_uniq` (`content_type_id`,`codename`),
  CONSTRAINT `auth_permission_content_type_id_2f476e4b_fk_django_co` FOREIGN KEY (`content_type_id`) REFERENCES `django_content_type` (`id`)
) ENGINE=InnoDB DEFAULT CHARSET=utf8mb4 COLLATE=utf8mb4_unicode_ci;

INSERT INTO `auth_permission` (`id`, `name`, `content_type_id`, `codename`) VALUES
(1,	'Can add log entry',	1,	'add_logentry'),
(2,	'Can change log entry',	1,	'change_logentry'),
(3,	'Can delete log entry',	1,	'delete_logentry'),
(4,	'Can add group',	2,	'add_group'),
(5,	'Can change group',	2,	'change_group'),
(6,	'Can delete group',	2,	'delete_group'),
(7,	'Can add permission',	3,	'add_permission'),
(8,	'Can change permission',	3,	'change_permission'),
(9,	'Can delete permission',	3,	'delete_permission'),
(10,	'Can add content type',	4,	'add_contenttype'),
(11,	'Can change content type',	4,	'change_contenttype'),
(12,	'Can delete content type',	4,	'delete_contenttype'),
(13,	'Can add session',	5,	'add_session'),
(14,	'Can change session',	5,	'change_session'),
(15,	'Can delete session',	5,	'delete_session'),
(16,	'Can add Token',	6,	'add_token'),
(17,	'Can change Token',	6,	'change_token'),
(18,	'Can delete Token',	6,	'delete_token'),
(19,	'Can add Institute',	7,	'add_dpyinstitute'),
(20,	'Can change Institute',	7,	'change_dpyinstitute'),
(21,	'Can delete Institute',	7,	'delete_dpyinstitute'),
(22,	'Can add Institute User',	8,	'add_dpyinstituteusers'),
(23,	'Can change Institute User',	8,	'change_dpyinstituteusers'),
(24,	'Can delete Institute User',	8,	'delete_dpyinstituteusers'),
(25,	'Can add User',	9,	'add_dpyusers'),
(26,	'Can change User',	9,	'change_dpyusers'),
(27,	'Can delete User',	9,	'delete_dpyusers'),
(28,	'Can add dpy students',	10,	'add_dpystudents'),
(29,	'Can change dpy students',	10,	'change_dpystudents'),
(30,	'Can delete dpy students',	10,	'delete_dpystudents'),
(31,	'Can add Class Session Subject',	11,	'add_dpyinstituteclasssessionsubjects'),
(32,	'Can change Class Session Subject',	11,	'change_dpyinstituteclasssessionsubjects'),
(33,	'Can delete Class Session Subject',	11,	'delete_dpyinstituteclasssessionsubjects'),
(34,	'Can add Department',	12,	'add_dpydepartment'),
(35,	'Can change Department',	12,	'change_dpydepartment'),
(36,	'Can delete Department',	12,	'delete_dpydepartment'),
(37,	'Can add Institute Class',	13,	'add_dpyinstituteclass'),
(38,	'Can change Institute Class',	13,	'change_dpyinstituteclass'),
(39,	'Can delete Institute Class',	13,	'delete_dpyinstituteclass'),
(40,	'Can add Institute Class Session',	14,	'add_dpyinstituteclasssession'),
(41,	'Can change Institute Class Session',	14,	'change_dpyinstituteclasssession'),
(42,	'Can delete Institute Class Session',	14,	'delete_dpyinstituteclasssession'),
(43,	'Can add dpy students absenties',	15,	'add_dpystudentsabsenties'),
(44,	'Can change dpy students absenties',	15,	'change_dpystudentsabsenties'),
(45,	'Can delete dpy students absenties',	15,	'delete_dpystudentsabsenties'),
(46,	'Can add employee',	16,	'add_employee'),
(47,	'Can change employee',	16,	'change_employee'),
(48,	'Can delete employee',	16,	'delete_employee'),
(49,	'Can add leave',	17,	'add_leave'),
(50,	'Can change leave',	17,	'change_leave'),
(51,	'Can delete leave',	17,	'delete_leave');

DROP TABLE IF EXISTS `django_admin_log`;
CREATE TABLE `django_admin_log` (
  `id` int(11) NOT NULL AUTO_INCREMENT,
  `action_time` datetime(6) NOT NULL,
  `object_id` longtext COLLATE utf8mb4_unicode_ci,
  `object_repr` varchar(200) COLLATE utf8mb4_unicode_ci NOT NULL,
  `action_flag` smallint(5) unsigned NOT NULL,
  `change_message` longtext COLLATE utf8mb4_unicode_ci NOT NULL,
  `content_type_id` int(11) DEFAULT NULL,
  `user_id` int(11) NOT NULL,
  PRIMARY KEY (`id`),
  KEY `django_admin_log_content_type_id_c4bce8eb_fk_django_co` (`content_type_id`),
  KEY `django_admin_log_user_id_c564eba6_fk_dpy_user_id` (`user_id`),
  CONSTRAINT `django_admin_log_content_type_id_c4bce8eb_fk_django_co` FOREIGN KEY (`content_type_id`) REFERENCES `django_content_type` (`id`),
  CONSTRAINT `django_admin_log_user_id_c564eba6_fk_dpy_user_id` FOREIGN KEY (`user_id`) REFERENCES `dpy_user` (`id`)
) ENGINE=InnoDB DEFAULT CHARSET=utf8mb4 COLLATE=utf8mb4_unicode_ci;


DROP TABLE IF EXISTS `django_content_type`;
CREATE TABLE `django_content_type` (
  `id` int(11) NOT NULL AUTO_INCREMENT,
  `app_label` varchar(100) COLLATE utf8mb4_unicode_ci NOT NULL,
  `model` varchar(100) COLLATE utf8mb4_unicode_ci NOT NULL,
  PRIMARY KEY (`id`),
  UNIQUE KEY `django_content_type_app_label_model_76bd3d3b_uniq` (`app_label`,`model`)
) ENGINE=InnoDB DEFAULT CHARSET=utf8mb4 COLLATE=utf8mb4_unicode_ci;

INSERT INTO `django_content_type` (`id`, `app_label`, `model`) VALUES
(1,	'admin',	'logentry'),
(15,	'attendence',	'dpystudentsabsenties'),
(2,	'auth',	'group'),
(3,	'auth',	'permission'),
(6,	'authtoken',	'token'),
(12,	'class_user_profiling',	'dpydepartment'),
(13,	'class_user_profiling',	'dpyinstituteclass'),
(14,	'class_user_profiling',	'dpyinstituteclasssession'),
(11,	'class_user_profiling',	'dpyinstituteclasssessionsubjects'),
(4,	'contenttypes',	'contenttype'),
(10,	'dashboard',	'dpystudents'),
(16,	'manage_hr',	'employee'),
(17,	'manage_hr',	'leave'),
(7,	'onboarding',	'dpyinstitute'),
(8,	'onboarding',	'dpyinstituteusers'),
(9,	'onboarding',	'dpyusers'),
(5,	'sessions',	'session');

DROP TABLE IF EXISTS `django_migrations`;
CREATE TABLE `django_migrations` (
  `id` int(11) NOT NULL AUTO_INCREMENT,
  `app` varchar(255) COLLATE utf8mb4_unicode_ci NOT NULL,
  `name` varchar(255) COLLATE utf8mb4_unicode_ci NOT NULL,
  `applied` datetime(6) NOT NULL,
  PRIMARY KEY (`id`)
) ENGINE=InnoDB DEFAULT CHARSET=utf8mb4 COLLATE=utf8mb4_unicode_ci;

INSERT INTO `django_migrations` (`id`, `app`, `name`, `applied`) VALUES
(1,	'contenttypes',	'0001_initial',	'2018-06-20 06:50:20.819299'),
(2,	'contenttypes',	'0002_remove_content_type_name',	'2018-06-20 06:50:21.893530'),
(3,	'auth',	'0001_initial',	'2018-06-20 06:50:25.283762'),
(4,	'auth',	'0002_alter_permission_name_max_length',	'2018-06-20 06:50:26.031040'),
(5,	'auth',	'0003_alter_user_email_max_length',	'2018-06-20 06:50:26.076246'),
(6,	'auth',	'0004_alter_user_username_opts',	'2018-06-20 06:50:26.128693'),
(7,	'auth',	'0005_alter_user_last_login_null',	'2018-06-20 06:50:26.169524'),
(8,	'auth',	'0006_require_contenttypes_0002',	'2018-06-20 06:50:26.206219'),
(9,	'auth',	'0007_alter_validators_add_error_messages',	'2018-06-20 06:50:26.252139'),
(10,	'auth',	'0008_alter_user_username_max_length',	'2018-06-20 06:50:26.304129'),
(11,	'auth',	'0009_alter_user_last_name_max_length',	'2018-06-20 06:50:26.349847'),
(12,	'onboarding',	'0001_initial',	'2018-06-20 06:50:32.306955'),
(13,	'admin',	'0001_initial',	'2018-06-20 06:50:33.903070'),
(14,	'admin',	'0002_logentry_remove_auto_add',	'2018-06-20 06:50:33.970229'),
(15,	'authtoken',	'0001_initial',	'2018-06-20 06:50:34.941421'),
(16,	'authtoken',	'0002_auto_20160226_1747',	'2018-06-20 06:50:35.738531'),
(17,	'sessions',	'0001_initial',	'2018-06-20 06:50:36.324852'),
(18,	'dashboard',	'0001_initial',	'2018-06-20 07:06:58.725814'),
(19,	'dashboard',	'0002_dpystudents_user_id',	'2018-06-20 08:05:28.203291'),
(20,	'dashboard',	'0003_remove_dpystudents_user_id',	'2018-06-20 08:07:31.278133'),
(21,	'dashboard',	'0004_auto_20180620_0823',	'2018-06-20 08:23:41.383240'),
(22,	'onboarding',	'0002_dpyusers_user_id',	'2018-06-20 08:23:42.847584'),
(23,	'dashboard',	'0005_dpystudents_user_id',	'2018-06-20 11:15:00.115348'),
(24,	'onboarding',	'0003_remove_dpyusers_user_id',	'2018-06-20 11:15:00.955798'),
(25,	'dashboard',	'0006_remove_dpystudents_user_id',	'2018-06-20 11:22:32.806517'),
(26,	'onboarding',	'0004_auto_20180622_1052',	'2018-06-22 10:52:33.027538'),
(27,	'onboarding',	'0005_auto_20180622_1059',	'2018-06-22 10:59:55.458079'),
(28,	'onboarding',	'0002_auto_20180530_0503',	'2018-06-25 05:11:14.559168'),
(29,	'onboarding',	'0003_auto_20180530_0516',	'2018-06-25 05:11:14.618277'),
(30,	'onboarding',	'0004_auto_20180530_0617',	'2018-06-25 05:11:14.651716'),
(31,	'onboarding',	'0005_auto_20180530_0645',	'2018-06-25 05:11:14.685232'),
(32,	'onboarding',	'0006_auto_20180530_0706',	'2018-06-25 05:11:14.718113'),
(33,	'onboarding',	'0007_auto_20180530_0756',	'2018-06-25 05:11:14.793612'),
(34,	'onboarding',	'0008_auto_20180605_1110',	'2018-06-25 05:11:14.860267'),
(35,	'onboarding',	'0009_auto_20180605_1234',	'2018-06-25 05:11:14.894059'),
(36,	'onboarding',	'0010_auto_20180606_0540',	'2018-06-25 05:11:14.927696'),
(37,	'onboarding',	'0011_auto_20180611_1211',	'2018-06-25 05:11:14.961110'),
(38,	'class_user_profiling',	'0001_initial',	'2018-06-28 06:48:43.124860'),
(39,	'class_user_profiling',	'0002_auto_20180615_0940',	'2018-06-28 06:48:46.479927'),
(40,	'class_user_profiling',	'0003_auto_20180622_1353',	'2018-06-28 06:48:48.637810'),
(41,	'class_user_profiling',	'0004_auto_20180622_1407',	'2018-06-28 06:48:50.180611'),
(42,	'attendence',	'0001_initial',	'2018-06-28 09:47:53.643478'),
(43,	'attendence',	'0002_auto_20180628_0949',	'2018-06-28 09:50:00.698694'),
(44,	'attendence',	'0003_auto_20180629_0807',	'2018-06-29 08:07:49.724641'),
(45,	'manage_hr',	'0001_initial',	'2018-06-29 08:09:13.980874'),
(46,	'manage_hr',	'0002_auto_20180629_0905',	'2018-06-29 09:05:46.862365');

DROP TABLE IF EXISTS `django_session`;
CREATE TABLE `django_session` (
  `session_key` varchar(40) COLLATE utf8mb4_unicode_ci NOT NULL,
  `session_data` longtext COLLATE utf8mb4_unicode_ci NOT NULL,
  `expire_date` datetime(6) NOT NULL,
  PRIMARY KEY (`session_key`),
  KEY `django_session_expire_date_a5c62663` (`expire_date`)
) ENGINE=InnoDB DEFAULT CHARSET=utf8mb4 COLLATE=utf8mb4_unicode_ci;

INSERT INTO `django_session` (`session_key`, `session_data`, `expire_date`) VALUES
('3xcmrlkyr6vn57kb8xy72l4ddq1gpc95',	'Y2Q0YmEzOGJkNjg4MTk4Y2MxMzUzZTQwMjc1ZGY3MDUxMTAzMzZiYjp7Il9hdXRoX3VzZXJfaGFzaCI6ImJjNzE3OTZiNjhlZTY3NjFkMjBkZmZhYTVlYmY2ZWVhOWViOWY5YmMiLCJfYXV0aF91c2VyX2JhY2tlbmQiOiJsb2dpbi5iYWNrZW5kcy5BdXRoQmFja2VuZCIsIl9hdXRoX3VzZXJfaWQiOiIxIiwiX21lc3NhZ2VzIjoiW1tcIl9fanNvbl9tZXNzYWdlXCIsMCw0MCxcIlVuYWJsZSB0byB1cGxvYWQgZmlsZS4gTXVsdGlWYWx1ZURpY3RLZXlFcnJvcignY3N2X2ZpbGUnLClcIl0sW1wiX19qc29uX21lc3NhZ2VcIiwwLDQwLFwiVW5hYmxlIHRvIHVwbG9hZCBmaWxlLiBNdWx0aVZhbHVlRGljdEtleUVycm9yKCdjc3ZfZmlsZScsKVwiXSxbXCJfX2pzb25fbWVzc2FnZVwiLDAsNDAsXCJVbmFibGUgdG8gdXBsb2FkIGZpbGUuIE11bHRpVmFsdWVEaWN0S2V5RXJyb3IoJ2Nzdl9maWxlJywpXCJdLFtcIl9fanNvbl9tZXNzYWdlXCIsMCw0MCxcIlVuYWJsZSB0byB1cGxvYWQgZmlsZS4gTXVsdGlWYWx1ZURpY3RLZXlFcnJvcignY3N2X2ZpbGUnLClcIl0sW1wiX19qc29uX21lc3NhZ2VcIiwwLDQwLFwiVW5hYmxlIHRvIHVwbG9hZCBmaWxlLiBNdWx0aVZhbHVlRGljdEtleUVycm9yKCdjc3ZfZmlsZScsKVwiXSxbXCJfX2pzb25fbWVzc2FnZVwiLDAsNDAsXCJVbmFibGUgdG8gdXBsb2FkIGZpbGUuIE11bHRpVmFsdWVEaWN0S2V5RXJyb3IoJ2Nzdl9maWxlJywpXCJdLFtcIl9fanNvbl9tZXNzYWdlXCIsMCw0MCxcIlVuYWJsZSB0byB1cGxvYWQgZmlsZS4gTXVsdGlWYWx1ZURpY3RLZXlFcnJvcignY3N2X2ZpbGUnLClcIl0sW1wiX19qc29uX21lc3NhZ2VcIiwwLDQwLFwiVW5hYmxlIHRvIHVwbG9hZCBmaWxlLiBNdWx0aVZhbHVlRGljdEtleUVycm9yKCdjc3ZfZmlsZScsKVwiXSxbXCJfX2pzb25fbWVzc2FnZVwiLDAsNDAsXCJVbmFibGUgdG8gdXBsb2FkIGZpbGUuIE11bHRpVmFsdWVEaWN0S2V5RXJyb3IoJ2Nzdl9maWxlJywpXCJdLFtcIl9fanNvbl9tZXNzYWdlXCIsMCw0MCxcIlVuYWJsZSB0byB1cGxvYWQgZmlsZS4gTXVsdGlWYWx1ZURpY3RLZXlFcnJvcignY3N2X2ZpbGUnLClcIl0sW1wiX19qc29uX21lc3NhZ2VcIiwwLDQwLFwiVW5hYmxlIHRvIHVwbG9hZCBmaWxlLiBNdWx0aVZhbHVlRGljdEtleUVycm9yKCdjc3ZfZmlsZScsKVwiXSxbXCJfX2pzb25fbWVzc2FnZVwiLDAsNDAsXCJVbmFibGUgdG8gdXBsb2FkIGZpbGUuIE11bHRpVmFsdWVEaWN0S2V5RXJyb3IoJ2Nzdl9maWxlJywpXCJdLFtcIl9fanNvbl9tZXNzYWdlXCIsMCw0MCxcIlVuYWJsZSB0byB1cGxvYWQgZmlsZS4gTXVsdGlWYWx1ZURpY3RLZXlFcnJvcignY3N2X2ZpbGUnLClcIl0sW1wiX19qc29uX21lc3NhZ2VcIiwwLDQwLFwiVW5hYmxlIHRvIHVwbG9hZCBmaWxlLiBNdWx0aVZhbHVlRGljdEtleUVycm9yKCdjc3ZfZmlsZScsKVwiXSxbXCJfX2pzb25fbWVzc2FnZVwiLDAsNDAsXCJVbmFibGUgdG8gdXBsb2FkIGZpbGUuIE11bHRpVmFsdWVEaWN0S2V5RXJyb3IoJ2Nzdl9maWxlJywpXCJdLFtcIl9fanNvbl9tZXNzYWdlXCIsMCw0MCxcIlVuYWJsZSB0byB1cGxvYWQgZmlsZS4gTXVsdGlWYWx1ZURpY3RLZXlFcnJvcignY3N2X2ZpbGUnLClcIl0sW1wiX19qc29uX21lc3NhZ2VcIiwwLDQwLFwiVW5hYmxlIHRvIHVwbG9hZCBmaWxlLiBNdWx0aVZhbHVlRGljdEtleUVycm9yKCdjc3ZfZmlsZScsKVwiXSxbXCJfX2pzb25fbWVzc2FnZVwiLDAsNDAsXCJVbmFibGUgdG8gdXBsb2FkIGZpbGUuIE11bHRpVmFsdWVEaWN0S2V5RXJyb3IoJ2Nzdl9maWxlJywpXCJdLFtcIl9fanNvbl9tZXNzYWdlXCIsMCw0MCxcIlVuYWJsZSB0byB1cGxvYWQgZmlsZS4gTXVsdGlWYWx1ZURpY3RLZXlFcnJvcignY3N2X2ZpbGUnLClcIl0sW1wiX19qc29uX21lc3NhZ2VcIiwwLDQwLFwiVW5hYmxlIHRvIHVwbG9hZCBmaWxlLiBNdWx0aVZhbHVlRGljdEtleUVycm9yKCdjc3ZfZmlsZScsKVwiXSxbXCJfX2pzb25fbWVzc2FnZVwiLDAsNDAsXCJVbmFibGUgdG8gdXBsb2FkIGZpbGUuIE11bHRpVmFsdWVEaWN0S2V5RXJyb3IoJ2Nzdl9maWxlJywpXCJdLFtcIl9fanNvbl9tZXNzYWdlXCIsMCw0MCxcIlVuYWJsZSB0byB1cGxvYWQgZmlsZS4gTXVsdGlWYWx1ZURpY3RLZXlFcnJvcignY3N2X2ZpbGUnLClcIl0sW1wiX19qc29uX21lc3NhZ2VcIiwwLDQwLFwiVW5hYmxlIHRvIHVwbG9hZCBmaWxlLiBNdWx0aVZhbHVlRGljdEtleUVycm9yKCdjc3ZfZmlsZScsKVwiXSxbXCJfX2pzb25fbWVzc2FnZVwiLDAsNDAsXCJVbmFibGUgdG8gdXBsb2FkIGZpbGUuIE11bHRpVmFsdWVEaWN0S2V5RXJyb3IoJ2Nzdl9maWxlJywpXCJdLFtcIl9fanNvbl9tZXNzYWdlXCIsMCw0MCxcIlVuYWJsZSB0byB1cGxvYWQgZmlsZS4gTXVsdGlWYWx1ZURpY3RLZXlFcnJvcignY3N2X2ZpbGUnLClcIl0sW1wiX19qc29uX21lc3NhZ2VcIiwwLDQwLFwiVW5hYmxlIHRvIHVwbG9hZCBmaWxlLiBNdWx0aVZhbHVlRGljdEtleUVycm9yKCdjc3ZfZmlsZScsKVwiXSxbXCJfX2pzb25fbWVzc2FnZVwiLDAsNDAsXCJVbmFibGUgdG8gdXBsb2FkIGZpbGUuIE11bHRpVmFsdWVEaWN0S2V5RXJyb3IoJ2Nzdl9maWxlJywpXCJdLFtcIl9fanNvbl9tZXNzYWdlXCIsMCw0MCxcIlVuYWJsZSB0byB1cGxvYWQgZmlsZS4gTXVsdGlWYWx1ZURpY3RLZXlFcnJvcignY3N2X2ZpbGUnLClcIl0sW1wiX19qc29uX21lc3NhZ2VcIiwwLDQwLFwiVW5hYmxlIHRvIHVwbG9hZCBmaWxlLiBNdWx0aVZhbHVlRGljdEtleUVycm9yKCdjc3ZfZmlsZScsKVwiXSxbXCJfX2pzb25fbWVzc2FnZVwiLDAsNDAsXCJVbmFibGUgdG8gdXBsb2FkIGZpbGUuIE11bHRpVmFsdWVEaWN0S2V5RXJyb3IoJ2Nzdl9maWxlJywpXCJdLFtcIl9fanNvbl9tZXNzYWdlXCIsMCw0MCxcIlVuYWJsZSB0byB1cGxvYWQgZmlsZS4gTXVsdGlWYWx1ZURpY3RLZXlFcnJvcignY3N2X2ZpbGUnLClcIl0sW1wiX19qc29uX21lc3NhZ2VcIiwwLDQwLFwiVW5hYmxlIHRvIHVwbG9hZCBmaWxlLiBNdWx0aVZhbHVlRGljdEtleUVycm9yKCdjc3ZfZmlsZScsKVwiXSxbXCJfX2pzb25fbWVzc2FnZVwiLDAsNDAsXCJVbmFibGUgdG8gdXBsb2FkIGZpbGUuIE11bHRpVmFsdWVEaWN0S2V5RXJyb3IoJ2Nzdl9maWxlJywpXCJdLFtcIl9fanNvbl9tZXNzYWdlXCIsMCw0MCxcIlVuYWJsZSB0byB1cGxvYWQgZmlsZS4gTXVsdGlWYWx1ZURpY3RLZXlFcnJvcignY3N2X2ZpbGUnLClcIl0sW1wiX19qc29uX21lc3NhZ2VcIiwwLDQwLFwiVW5hYmxlIHRvIHVwbG9hZCBmaWxlLiBNdWx0aVZhbHVlRGljdEtleUVycm9yKCdjc3ZfZmlsZScsKVwiXSxbXCJfX2pzb25fbWVzc2FnZVwiLDAsNDAsXCJVbmFibGUgdG8gdXBsb2FkIGZpbGUuIE11bHRpVmFsdWVEaWN0S2V5RXJyb3IoJ2Nzdl9maWxlJywpXCJdLFtcIl9fanNvbl9tZXNzYWdlXCIsMCw0MCxcIlVuYWJsZSB0byB1cGxvYWQgZmlsZS4gTXVsdGlWYWx1ZURpY3RLZXlFcnJvcignY3N2X2ZpbGUnLClcIl0sW1wiX19qc29uX21lc3NhZ2VcIiwwLDQwLFwiVW5hYmxlIHRvIHVwbG9hZCBmaWxlLiBNdWx0aVZhbHVlRGljdEtleUVycm9yKCdjc3ZfZmlsZScsKVwiXSxbXCJfX2pzb25fbWVzc2FnZVwiLDAsNDAsXCJVbmFibGUgdG8gdXBsb2FkIGZpbGUuIE11bHRpVmFsdWVEaWN0S2V5RXJyb3IoJ2Nzdl9maWxlJywpXCJdLFtcIl9fanNvbl9tZXNzYWdlXCIsMCw0MCxcIlVuYWJsZSB0byB1cGxvYWQgZmlsZS4gTXVsdGlWYWx1ZURpY3RLZXlFcnJvcignY3N2X2ZpbGUnLClcIl0sW1wiX19qc29uX21lc3NhZ2VcIiwwLDQwLFwiVW5hYmxlIHRvIHVwbG9hZCBmaWxlLiBNdWx0aVZhbHVlRGljdEtleUVycm9yKCdjc3ZfZmlsZScsKVwiXSxbXCJfX2pzb25fbWVzc2FnZVwiLDAsNDAsXCJVbmFibGUgdG8gdXBsb2FkIGZpbGUuIE11bHRpVmFsdWVEaWN0S2V5RXJyb3IoJ2Nzdl9maWxlJywpXCJdLFtcIl9fanNvbl9tZXNzYWdlXCIsMCw0MCxcIlVuYWJsZSB0byB1cGxvYWQgZmlsZS4gTXVsdGlWYWx1ZURpY3RLZXlFcnJvcignY3N2X2ZpbGUnLClcIl0sW1wiX19qc29uX21lc3NhZ2VcIiwwLDQwLFwiVW5hYmxlIHRvIHVwbG9hZCBmaWxlLiBNdWx0aVZhbHVlRGljdEtleUVycm9yKCdjc3ZfZmlsZScsKVwiXSxbXCJfX2pzb25fbWVzc2FnZVwiLDAsNDAsXCJVbmFibGUgdG8gdXBsb2FkIGZpbGUuIE11bHRpVmFsdWVEaWN0S2V5RXJyb3IoJ2Nzdl9maWxlJywpXCJdLFtcIl9fanNvbl9tZXNzYWdlXCIsMCw0MCxcIlVuYWJsZSB0byB1cGxvYWQgZmlsZS4gTXVsdGlWYWx1ZURpY3RLZXlFcnJvcignY3N2X2ZpbGUnLClcIl0sW1wiX19qc29uX21lc3NhZ2VcIiwwLDQwLFwiVW5hYmxlIHRvIHVwbG9hZCBmaWxlLiBNdWx0aVZhbHVlRGljdEtleUVycm9yKCdjc3ZfZmlsZScsKVwiXSxbXCJfX2pzb25fbWVzc2FnZVwiLDAsNDAsXCJVbmFibGUgdG8gdXBsb2FkIGZpbGUuIE11bHRpVmFsdWVEaWN0S2V5RXJyb3IoJ2Nzdl9maWxlJywpXCJdLFtcIl9fanNvbl9tZXNzYWdlXCIsMCw0MCxcIlVuYWJsZSB0byB1cGxvYWQgZmlsZS4gTXVsdGlWYWx1ZURpY3RLZXlFcnJvcignY3N2X2ZpbGUnLClcIl0sW1wiX19qc29uX21lc3NhZ2VcIiwwLDQwLFwiVW5hYmxlIHRvIHVwbG9hZCBmaWxlLiBNdWx0aVZhbHVlRGljdEtleUVycm9yKCdjc3ZfZmlsZScsKVwiXSxbXCJfX2pzb25fbWVzc2FnZVwiLDAsNDAsXCJVbmFibGUgdG8gdXBsb2FkIGZpbGUuIE11bHRpVmFsdWVEaWN0S2V5RXJyb3IoJ2Nzdl9maWxlJywpXCJdLFtcIl9fanNvbl9tZXNzYWdlXCIsMCw0MCxcIlVuYWJsZSB0byB1cGxvYWQgZmlsZS4gTXVsdGlWYWx1ZURpY3RLZXlFcnJvcignY3N2X2ZpbGUnLClcIl0sW1wiX19qc29uX21lc3NhZ2VcIiwwLDQwLFwiVW5hYmxlIHRvIHVwbG9hZCBmaWxlLiBNdWx0aVZhbHVlRGljdEtleUVycm9yKCdjc3ZfZmlsZScsKVwiXSxbXCJfX2pzb25fbWVzc2FnZVwiLDAsNDAsXCJVbmFibGUgdG8gdXBsb2FkIGZpbGUuIE11bHRpVmFsdWVEaWN0S2V5RXJyb3IoJ2Nzdl9maWxlJywpXCJdLFtcIl9fanNvbl9tZXNzYWdlXCIsMCw0MCxcIlVuYWJsZSB0byB1cGxvYWQgZmlsZS4gTXVsdGlWYWx1ZURpY3RLZXlFcnJvcignY3N2X2ZpbGUnLClcIl0sW1wiX19qc29uX21lc3NhZ2VcIiwwLDQwLFwiVW5hYmxlIHRvIHVwbG9hZCBmaWxlLiBNdWx0aVZhbHVlRGljdEtleUVycm9yKCdjc3ZfZmlsZScsKVwiXSxbXCJfX2pzb25fbWVzc2FnZVwiLDAsNDAsXCJVbmFibGUgdG8gdXBsb2FkIGZpbGUuIE11bHRpVmFsdWVEaWN0S2V5RXJyb3IoJ2Nzdl9maWxlJywpXCJdLFtcIl9fanNvbl9tZXNzYWdlXCIsMCw0MCxcIlVuYWJsZSB0byB1cGxvYWQgZmlsZS4gTXVsdGlWYWx1ZURpY3RLZXlFcnJvcignY3N2X2ZpbGUnLClcIl0sW1wiX19qc29uX21lc3NhZ2VcIiwwLDQwLFwiVW5hYmxlIHRvIHVwbG9hZCBmaWxlLiBNdWx0aVZhbHVlRGljdEtleUVycm9yKCdjc3ZfZmlsZScsKVwiXSxbXCJfX2pzb25fbWVzc2FnZVwiLDAsNDAsXCJVbmFibGUgdG8gdXBsb2FkIGZpbGUuIE11bHRpVmFsdWVEaWN0S2V5RXJyb3IoJ2Nzdl9maWxlJywpXCJdLFtcIl9fanNvbl9tZXNzYWdlXCIsMCw0MCxcIlVuYWJsZSB0byB1cGxvYWQgZmlsZS4gTXVsdGlWYWx1ZURpY3RLZXlFcnJvcignY3N2X2ZpbGUnLClcIl0sW1wiX19qc29uX21lc3NhZ2VcIiwwLDQwLFwiVW5hYmxlIHRvIHVwbG9hZCBmaWxlLiBNdWx0aVZhbHVlRGljdEtleUVycm9yKCdjc3ZfZmlsZScsKVwiXSxbXCJfX2pzb25fbWVzc2FnZVwiLDAsNDAsXCJVbmFibGUgdG8gdXBsb2FkIGZpbGUuIE11bHRpVmFsdWVEaWN0S2V5RXJyb3IoJ2Nzdl9maWxlJywpXCJdLFtcIl9fanNvbl9tZXNzYWdlXCIsMCw0MCxcIlVuYWJsZSB0byB1cGxvYWQgZmlsZS4gTXVsdGlWYWx1ZURpY3RLZXlFcnJvcignY3N2X2ZpbGUnLClcIl0sW1wiX19qc29uX21lc3NhZ2VcIiwwLDQwLFwiVW5hYmxlIHRvIHVwbG9hZCBmaWxlLiBNdWx0aVZhbHVlRGljdEtleUVycm9yKCdjc3ZfZmlsZScsKVwiXSxbXCJfX2pzb25fbWVzc2FnZVwiLDAsNDAsXCJVbmFibGUgdG8gdXBsb2FkIGZpbGUuIE11bHRpVmFsdWVEaWN0S2V5RXJyb3IoJ2Nzdl9maWxlJywpXCJdLFtcIl9fanNvbl9tZXNzYWdlXCIsMCw0MCxcIlVuYWJsZSB0byB1cGxvYWQgZmlsZS4gTXVsdGlWYWx1ZURpY3RLZXlFcnJvcignY3N2X2ZpbGUnLClcIl0sW1wiX19qc29uX21lc3NhZ2VcIiwwLDQwLFwiVW5hYmxlIHRvIHVwbG9hZCBmaWxlLiBNdWx0aVZhbHVlRGljdEtleUVycm9yKCdjc3ZfZmlsZScsKVwiXSxbXCJfX2pzb25fbWVzc2FnZVwiLDAsNDAsXCJVbmFibGUgdG8gdXBsb2FkIGZpbGUuIE11bHRpVmFsdWVEaWN0S2V5RXJyb3IoJ2Nzdl9maWxlJywpXCJdLFtcIl9fanNvbl9tZXNzYWdlXCIsMCw0MCxcIlVuYWJsZSB0byB1cGxvYWQgZmlsZS4gTXVsdGlWYWx1ZURpY3RLZXlFcnJvcignY3N2X2ZpbGUnLClcIl0sW1wiX19qc29uX21lc3NhZ2VcIiwwLDQwLFwiVW5hYmxlIHRvIHVwbG9hZCBmaWxlLiBNdWx0aVZhbHVlRGljdEtleUVycm9yKCdjc3ZfZmlsZScsKVwiXSxbXCJfX2pzb25fbWVzc2FnZVwiLDAsNDAsXCJVbmFibGUgdG8gdXBsb2FkIGZpbGUuIE11bHRpVmFsdWVEaWN0S2V5RXJyb3IoJ2Nzdl9maWxlJywpXCJdLFtcIl9fanNvbl9tZXNzYWdlXCIsMCw0MCxcIlVuYWJsZSB0byB1cGxvYWQgZmlsZS4gTXVsdGlWYWx1ZURpY3RLZXlFcnJvcignY3N2X2ZpbGUnLClcIl0sW1wiX19qc29uX21lc3NhZ2VcIiwwLDQwLFwiVW5hYmxlIHRvIHVwbG9hZCBmaWxlLiBNdWx0aVZhbHVlRGljdEtleUVycm9yKCdjc3ZfZmlsZScsKVwiXSxbXCJfX2pzb25fbWVzc2FnZVwiLDAsNDAsXCJVbmFibGUgdG8gdXBsb2FkIGZpbGUuIE11bHRpVmFsdWVEaWN0S2V5RXJyb3IoJ2Nzdl9maWxlJywpXCJdLFtcIl9fanNvbl9tZXNzYWdlXCIsMCw0MCxcIlVuYWJsZSB0byB1cGxvYWQgZmlsZS4gTXVsdGlWYWx1ZURpY3RLZXlFcnJvcignY3N2X2ZpbGUnLClcIl0sW1wiX19qc29uX21lc3NhZ2VcIiwwLDQwLFwiVW5hYmxlIHRvIHVwbG9hZCBmaWxlLiBNdWx0aVZhbHVlRGljdEtleUVycm9yKCdjc3ZfZmlsZScsKVwiXSxbXCJfX2pzb25fbWVzc2FnZVwiLDAsNDAsXCJVbmFibGUgdG8gdXBsb2FkIGZpbGUuIE11bHRpVmFsdWVEaWN0S2V5RXJyb3IoJ2Nzdl9maWxlJywpXCJdLFtcIl9fanNvbl9tZXNzYWdlXCIsMCw0MCxcIlVuYWJsZSB0byB1cGxvYWQgZmlsZS4gTXVsdGlWYWx1ZURpY3RLZXlFcnJvcignY3N2X2ZpbGUnLClcIl0sW1wiX19qc29uX21lc3NhZ2VcIiwwLDQwLFwiVW5hYmxlIHRvIHVwbG9hZCBmaWxlLiBNdWx0aVZhbHVlRGljdEtleUVycm9yKCdjc3ZfZmlsZScsKVwiXSxbXCJfX2pzb25fbWVzc2FnZVwiLDAsNDAsXCJVbmFibGUgdG8gdXBsb2FkIGZpbGUuIE11bHRpVmFsdWVEaWN0S2V5RXJyb3IoJ2Nzdl9maWxlJywpXCJdLFtcIl9fanNvbl9tZXNzYWdlXCIsMCw0MCxcIlVuYWJsZSB0byB1cGxvYWQgZmlsZS4gTXVsdGlWYWx1ZURpY3RLZXlFcnJvcignY3N2X2ZpbGUnLClcIl0sW1wiX19qc29uX21lc3NhZ2VcIiwwLDQwLFwiVW5hYmxlIHRvIHVwbG9hZCBmaWxlLiBNdWx0aVZhbHVlRGljdEtleUVycm9yKCdjc3ZfZmlsZScsKVwiXSxbXCJfX2pzb25fbWVzc2FnZVwiLDAsNDAsXCJVbmFibGUgdG8gdXBsb2FkIGZpbGUuIE11bHRpVmFsdWVEaWN0S2V5RXJyb3IoJ2Nzdl9maWxlJywpXCJdLFtcIl9fanNvbl9tZXNzYWdlXCIsMCw0MCxcIlVuYWJsZSB0byB1cGxvYWQgZmlsZS4gTXVsdGlWYWx1ZURpY3RLZXlFcnJvcignY3N2X2ZpbGUnLClcIl0sW1wiX19qc29uX21lc3NhZ2VcIiwwLDQwLFwiVW5hYmxlIHRvIHVwbG9hZCBmaWxlLiBNdWx0aVZhbHVlRGljdEtleUVycm9yKCdjc3ZfZmlsZScsKVwiXSxbXCJfX2pzb25fbWVzc2FnZVwiLDAsNDAsXCJVbmFibGUgdG8gdXBsb2FkIGZpbGUuIE11bHRpVmFsdWVEaWN0S2V5RXJyb3IoJ2Nzdl9maWxlJywpXCJdLFtcIl9fanNvbl9tZXNzYWdlXCIsMCw0MCxcIlVuYWJsZSB0byB1cGxvYWQgZmlsZS4gTXVsdGlWYWx1ZURpY3RLZXlFcnJvcignY3N2X2ZpbGUnLClcIl0sW1wiX19qc29uX21lc3NhZ2VcIiwwLDQwLFwiVW5hYmxlIHRvIHVwbG9hZCBmaWxlLiBNdWx0aVZhbHVlRGljdEtleUVycm9yKCdjc3ZfZmlsZScsKVwiXSxbXCJfX2pzb25fbWVzc2FnZVwiLDAsNDAsXCJVbmFibGUgdG8gdXBsb2FkIGZpbGUuIE11bHRpVmFsdWVEaWN0S2V5RXJyb3IoJ2Nzdl9maWxlJywpXCJdLFtcIl9fanNvbl9tZXNzYWdlXCIsMCw0MCxcIlVuYWJsZSB0byB1cGxvYWQgZmlsZS4gTXVsdGlWYWx1ZURpY3RLZXlFcnJvcignY3N2X2ZpbGUnLClcIl0sW1wiX19qc29uX21lc3NhZ2VcIiwwLDQwLFwiVW5hYmxlIHRvIHVwbG9hZCBmaWxlLiBNdWx0aVZhbHVlRGljdEtleUVycm9yKCdjc3ZfZmlsZScsKVwiXSxbXCJfX2pzb25fbWVzc2FnZVwiLDAsNDAsXCJVbmFibGUgdG8gdXBsb2FkIGZpbGUuIE11bHRpVmFsdWVEaWN0S2V5RXJyb3IoJ2Nzdl9maWxlJywpXCJdLFtcIl9fanNvbl9tZXNzYWdlXCIsMCw0MCxcIlVuYWJsZSB0byB1cGxvYWQgZmlsZS4gTXVsdGlWYWx1ZURpY3RLZXlFcnJvcignY3N2X2ZpbGUnLClcIl0sW1wiX19qc29uX21lc3NhZ2VcIiwwLDQwLFwiVW5hYmxlIHRvIHVwbG9hZCBmaWxlLiBNdWx0aVZhbHVlRGljdEtleUVycm9yKCdjc3ZfZmlsZScsKVwiXSxbXCJfX2pzb25fbWVzc2FnZVwiLDAsNDAsXCJVbmFibGUgdG8gdXBsb2FkIGZpbGUuIE11bHRpVmFsdWVEaWN0S2V5RXJyb3IoJ2Nzdl9maWxlJywpXCJdLFtcIl9fanNvbl9tZXNzYWdlXCIsMCw0MCxcIlVuYWJsZSB0byB1cGxvYWQgZmlsZS4gTXVsdGlWYWx1ZURpY3RLZXlFcnJvcignY3N2X2ZpbGUnLClcIl0sW1wiX19qc29uX21lc3NhZ2VcIiwwLDQwLFwiVW5hYmxlIHRvIHVwbG9hZCBmaWxlLiBNdWx0aVZhbHVlRGljdEtleUVycm9yKCdjc3ZfZmlsZScsKVwiXSxbXCJfX2pzb25fbWVzc2FnZVwiLDAsNDAsXCJVbmFibGUgdG8gdXBsb2FkIGZpbGUuIE11bHRpVmFsdWVEaWN0S2V5RXJyb3IoJ2Nzdl9maWxlJywpXCJdLFtcIl9fanNvbl9tZXNzYWdlXCIsMCw0MCxcIlVuYWJsZSB0byB1cGxvYWQgZmlsZS4gTXVsdGlWYWx1ZURpY3RLZXlFcnJvcignY3N2X2ZpbGUnLClcIl0sW1wiX19qc29uX21lc3NhZ2VcIiwwLDQwLFwiVW5hYmxlIHRvIHVwbG9hZCBmaWxlLiBNdWx0aVZhbHVlRGljdEtleUVycm9yKCdjc3ZfZmlsZScsKVwiXSxbXCJfX2pzb25fbWVzc2FnZVwiLDAsNDAsXCJVbmFibGUgdG8gdXBsb2FkIGZpbGUuIE11bHRpVmFsdWVEaWN0S2V5RXJyb3IoJ2Nzdl9maWxlJywpXCJdLFtcIl9fanNvbl9tZXNzYWdlXCIsMCw0MCxcIlVuYWJsZSB0byB1cGxvYWQgZmlsZS4gTXVsdGlWYWx1ZURpY3RLZXlFcnJvcignY3N2X2ZpbGUnLClcIl0sW1wiX19qc29uX21lc3NhZ2VcIiwwLDQwLFwiVW5hYmxlIHRvIHVwbG9hZCBmaWxlLiBNdWx0aVZhbHVlRGljdEtleUVycm9yKCdjc3ZfZmlsZScsKVwiXSxbXCJfX2pzb25fbWVzc2FnZVwiLDAsNDAsXCJVbmFibGUgdG8gdXBsb2FkIGZpbGUuIE11bHRpVmFsdWVEaWN0S2V5RXJyb3IoJ2Nzdl9maWxlJywpXCJdLFtcIl9fanNvbl9tZXNzYWdlXCIsMCw0MCxcIlVuYWJsZSB0byB1cGxvYWQgZmlsZS4gTXVsdGlWYWx1ZURpY3RLZXlFcnJvcignY3N2X2ZpbGUnLClcIl0sW1wiX19qc29uX21lc3NhZ2VcIiwwLDQwLFwiVW5hYmxlIHRvIHVwbG9hZCBmaWxlLiBNdWx0aVZhbHVlRGljdEtleUVycm9yKCdjc3ZfZmlsZScsKVwiXSxbXCJfX2pzb25fbWVzc2FnZVwiLDAsNDAsXCJVbmFibGUgdG8gdXBsb2FkIGZpbGUuIE11bHRpVmFsdWVEaWN0S2V5RXJyb3IoJ2Nzdl9maWxlJywpXCJdLFtcIl9fanNvbl9tZXNzYWdlXCIsMCw0MCxcIlVuYWJsZSB0byB1cGxvYWQgZmlsZS4gTXVsdGlWYWx1ZURpY3RLZXlFcnJvcignY3N2X2ZpbGUnLClcIl0sW1wiX19qc29uX21lc3NhZ2VcIiwwLDQwLFwiVW5hYmxlIHRvIHVwbG9hZCBmaWxlLiBNdWx0aVZhbHVlRGljdEtleUVycm9yKCdjc3ZfZmlsZScsKVwiXSxbXCJfX2pzb25fbWVzc2FnZVwiLDAsNDAsXCJVbmFibGUgdG8gdXBsb2FkIGZpbGUuIE11bHRpVmFsdWVEaWN0S2V5RXJyb3IoJ2Nzdl9maWxlJywpXCJdLFtcIl9fanNvbl9tZXNzYWdlXCIsMCw0MCxcIlVuYWJsZSB0byB1cGxvYWQgZmlsZS4gTXVsdGlWYWx1ZURpY3RLZXlFcnJvcignY3N2X2ZpbGUnLClcIl0sW1wiX19qc29uX21lc3NhZ2VcIiwwLDQwLFwiVW5hYmxlIHRvIHVwbG9hZCBmaWxlLiBNdWx0aVZhbHVlRGljdEtleUVycm9yKCdjc3ZfZmlsZScsKVwiXSxbXCJfX2pzb25fbWVzc2FnZVwiLDAsNDAsXCJVbmFibGUgdG8gdXBsb2FkIGZpbGUuIE11bHRpVmFsdWVEaWN0S2V5RXJyb3IoJ2Nzdl9maWxlJywpXCJdLFtcIl9fanNvbl9tZXNzYWdlXCIsMCw0MCxcIlVuYWJsZSB0byB1cGxvYWQgZmlsZS4gTXVsdGlWYWx1ZURpY3RLZXlFcnJvcignY3N2X2ZpbGUnLClcIl0sW1wiX19qc29uX21lc3NhZ2VcIiwwLDQwLFwiVW5hYmxlIHRvIHVwbG9hZCBmaWxlLiBNdWx0aVZhbHVlRGljdEtleUVycm9yKCdjc3ZfZmlsZScsKVwiXSxbXCJfX2pzb25fbWVzc2FnZVwiLDAsNDAsXCJVbmFibGUgdG8gdXBsb2FkIGZpbGUuIE11bHRpVmFsdWVEaWN0S2V5RXJyb3IoJ2Nzdl9maWxlJywpXCJdLFtcIl9fanNvbl9tZXNzYWdlXCIsMCw0MCxcIlVuYWJsZSB0byB1cGxvYWQgZmlsZS4gTXVsdGlWYWx1ZURpY3RLZXlFcnJvcignY3N2X2ZpbGUnLClcIl0sW1wiX19qc29uX21lc3NhZ2VcIiwwLDQwLFwiVW5hYmxlIHRvIHVwbG9hZCBmaWxlLiBNdWx0aVZhbHVlRGljdEtleUVycm9yKCdjc3ZfZmlsZScsKVwiXSxbXCJfX2pzb25fbWVzc2FnZVwiLDAsNDAsXCJVbmFibGUgdG8gdXBsb2FkIGZpbGUuIE11bHRpVmFsdWVEaWN0S2V5RXJyb3IoJ2Nzdl9maWxlJywpXCJdLFtcIl9fanNvbl9tZXNzYWdlXCIsMCw0MCxcIlVuYWJsZSB0byB1cGxvYWQgZmlsZS4gTXVsdGlWYWx1ZURpY3RLZXlFcnJvcignY3N2X2ZpbGUnLClcIl0sW1wiX19qc29uX21lc3NhZ2VcIiwwLDQwLFwiVW5hYmxlIHRvIHVwbG9hZCBmaWxlLiBNdWx0aVZhbHVlRGljdEtleUVycm9yKCdjc3ZfZmlsZScsKVwiXSxbXCJfX2pzb25fbWVzc2FnZVwiLDAsNDAsXCJVbmFibGUgdG8gdXBsb2FkIGZpbGUuIE11bHRpVmFsdWVEaWN0S2V5RXJyb3IoJ2Nzdl9maWxlJywpXCJdLFtcIl9fanNvbl9tZXNzYWdlXCIsMCw0MCxcIlVuYWJsZSB0byB1cGxvYWQgZmlsZS4gSW5kZXhFcnJvcignbGlzdCBpbmRleCBvdXQgb2YgcmFuZ2UnLClcIl0sW1wiX19qc29uX21lc3NhZ2VcIiwwLDQwLFwiVW5hYmxlIHRvIHVwbG9hZCBmaWxlLiBJbmRleEVycm9yKCdsaXN0IGluZGV4IG91dCBvZiByYW5nZScsKVwiXSxbXCJfX2pzb25fbWVzc2FnZVwiLDAsNDAsXCJVbmFibGUgdG8gdXBsb2FkIGZpbGUuIEluZGV4RXJyb3IoJ2xpc3QgaW5kZXggb3V0IG9mIHJhbmdlJywpXCJdLFtcIl9fanNvbl9tZXNzYWdlXCIsMCw0MCxcIlVuYWJsZSB0byB1cGxvYWQgZmlsZS4gSW5kZXhFcnJvcignbGlzdCBpbmRleCBvdXQgb2YgcmFuZ2UnLClcIl0sW1wiX19qc29uX21lc3NhZ2VcIiwwLDQwLFwiVW5hYmxlIHRvIHVwbG9hZCBmaWxlLiBJbmRleEVycm9yKCdsaXN0IGluZGV4IG91dCBvZiByYW5nZScsKVwiXSxbXCJfX2pzb25fbWVzc2FnZVwiLDAsNDAsXCJVbmFibGUgdG8gdXBsb2FkIGZpbGUuIEluZGV4RXJyb3IoJ2xpc3QgaW5kZXggb3V0IG9mIHJhbmdlJywpXCJdLFtcIl9fanNvbl9tZXNzYWdlXCIsMCw0MCxcIlVuYWJsZSB0byB1cGxvYWQgZmlsZS4gSW5kZXhFcnJvcignbGlzdCBpbmRleCBvdXQgb2YgcmFuZ2UnLClcIl0sW1wiX19qc29uX21lc3NhZ2VcIiwwLDQwLFwiVW5hYmxlIHRvIHVwbG9hZCBmaWxlLiBVbmljb2RlRGVjb2RlRXJyb3IoJ3V0ZjcnLCBiJ1BLXFxcXHgwM1xcXFx4MDRcXFxceDE0XFxcXHgwMFxcXFx4MDBcXFxceDA4XFxcXHgwMFxcXFx4MDBcXFxceGEwXFxcXFxcXFxcXFxceGQ0TFxcXFx4ODVsOVxcXFx4OGEuXFxcXHgwMFxcXFx4MDBcXFxceDAwLlxcXFx4MDBcXFxceDAwXFxcXHgwMFxcXFx4MDhcXFxceDAwXFxcXHgwMFxcXFx4MDBtaW1ldHlwZWFwcGxpY2F0aW9uL3ZuZC5vYXNpcy5vcGVuZG9jdW1lbnQuc3ByZWFkc2hlZXRQS1xcXFx4MDNcXFxceDA0XFxcXHgxNFxcXFx4MDBcXFxceDAwXFxcXHgwOFxcXFx4MDBcXFxceDAwXFxcXHhhMFxcXFxcXFxcXFxcXHhkNEw/XFxcXHgwMVxcXFx4YTRcXFxceDlkVlxcXFx4MGVcXFxceDAwXFxcXHgwMFZcXFxceDBlXFxcXHgwMFxcXFx4MDBcXFxceDE4XFxcXHgwMFxcXFx4MDBcXFxceDAwVGh1bWJuYWlscy90aHVtYm5haWwucG5nXFxcXHg4OVBOR1xcXFxyXFxcXG5cXFxceDFhXFxcXG5cXFxceDAwXFxcXHgwMFxcXFx4MDBcXFxccklIRFJcXFxceDAwXFxcXHgwMFxcXFx4MDBcXFxceGI4XFxcXHgwMFxcXFx4MDBcXFxceDAwXFxcXHhmZlxcXFx4MDhcXFxceDAzXFxcXHgwMFxcXFx4MDBcXFxceDAwdVxcXFx4YjBcXFxceGVjIVxcXFx4MDBcXFxceDAwXFxcXHgwMlxcXFx4ZmFQTFRFKVxcXFwnLCUoOC84PDQqKj4yKzg2OC45RTU5RDpDPjhBRzxIWDtQVkA3K0Q7LEc6NkM8QkxCN1VFN2NRP0tJSkdKVEpSWVNKS1hMS1FLU1JOW1lOVlhSTFRSVFRSXFxcXFxcXFxSWF1bU1NbVFxcXFxcXFxcXFxcXFxcXFxaVlxcXFxcXFxcXFxcXFxcXFxcXFxcXFxcXEtNYkpVZk1bdFBPYVJQYlJVbVNaY1RcXFxcXFxcXGxaV2RbXFxcXFxcXFxjW1hpVVtxVF14XFxcXFxcXFxedFheeExibUticFphaVpnd2RORGdWSWRYVnFcXFxcXFxcXEpzXVRhXFxcXFxcXFxjamJcXFxcXFxcXHNjVHNkW3VoXFxcXFxcXFx4Z1d6Y1l6aVN7a1tcXFxceDdmcFtlY2NjZWpjaGxrZGNtaGRramtlbHZrcnt0amR0bnJ6cmp4d3dfb1xcXFx4ODBcXFxcXFxcXHNcXFxceDg0YmtcXFxceDgzbG9cXFxceDgwaHhcXFxceDg5bHtcXFxceDk0dXxcXFxceDg1cXxcXFxceDk1a1xcXFx4ODFcXFxceDkyfFxcXFx4ODFcXFxceDg0dlxcXFx4ODZcXFxceDk3flxcXFx4OTBcXFxceDlleFxcXFx4OGJcXFxceGEzd1xcXFx4OTBcXFxceGExfVxcXFx4OTFcXFxceGE0flxcXFx4OTFcXFxceGFhXFxcXHg3ZlxcXFx4OWJcXFxceGFiXFxcXHg4MW1ZXFxcXHg4NHJeXFxcXHg4M2thXFxcXHg4NnNjXFxcXHg4NHVqXFxcXHg4N3lvXFxcXHg4OHNiXFxcXHg4YXVqXFxcXHg4Y3pmXFxcXHg4YntsXFxcXHg4N3dyXFxcXHg4Mnp0XFxcXHg4MH58XFxcXHg4YntyXFxcXHg5MXxrXFxcXHg4MlxcXFx4ODB9XFxcXHg4ZlxcXFx4ODN1XFxcXHg4Y1xcXFx4ODN7XFxcXHg5NlxcXFx4ODZ3XFxcXHhhNFxcXFx4OGR7XFxcXHhhYVxcXFx4OTF+XFxcXHg4NFxcXFx4ODRcXFxceDg1XFxcXHg4NlxcXFx4OGNcXFxceDk0XFxcXHg4YVxcXFx4OTJcXFxceDlhXFxcXHg5NFxcXFx4OGNcXFxceDg2XFxcXHg5YlxcXFx4OTNcXFxceDhjXFxcXHg5NlxcXFx4OTVcXFxceDk2XFxcXHg4MlxcXFx4OGZcXFxceGEwXFxcXHg4MlxcXFx4OTNcXFxceGEyXFxcXHg4MlxcXFx4OTVcXFxceGFiXFxcXHg4YVxcXFx4OTRcXFxceGEyXFxcXHg4OVxcXFx4OTdcXFxceGE4XFxcXHg4Y1xcXFx4OThcXFxceGEzXFxcXHg4YVxcXFx4OWNcXFxceGFiXFxcXHg4YVxcXFx4OWNcXFxceGIyXFxcXHg5OFxcXFx4OWNcXFxceGE0XFxcXHg5MFxcXFx4OWZcXFxceGIwXFxcXHg4ZFxcXFx4YTJcXFxceGI3XFxcXHg5YVxcXFx4YTFcXFxceGE4XFxcXHg5M1xcXFx4YTJcXFxceGIwXFxcXHg5NFxcXFx4YTZcXFxceGI5XFxcXHg5NVxcXFx4YThcXFxceGJiXFxcXHg5OVxcXFx4YTZcXFxceGI0XFxcXHg5ZVxcXFx4YWFcXFxceGI1XFxcXHg5YVxcXFx4YWNcXFxceGJjXFxcXHhhOFxcXFx4OTZcXFxceDg2XFxcXHhhM1xcXFx4OWNcXFxceDk1XFxcXHhiMFxcXFx4OTlcXFxceDg0XFxcXHhiMVxcXFx4OWNcXFxceDhiXFxcXHhhNVxcXFx4OWZcXFxceGExXFxcXHhhOVxcXFx4YTJcXFxceDliXFxcXHhiNVxcXFx4YTFcXFxceDhlXFxcXHhiN1xcXFx4YTdcXFxceDk4XFxcXHhhMlxcXFx4YTJcXFxceGE0XFxcXHhhMlxcXFx4YTVcXFxceGFiXFxcXHhhM1xcXFx4YThcXFxceGFiXFxcXHhhYVxcXFx4YTVcXFxceGEyXFxcXHhhY1xcXFx4YThcXFxceGExXFxcXHhhYlxcXFx4YWFcXFxceGFiXFxcXHhhM1xcXFx4YTZcXFxceGIyXFxcXHhhM1xcXFx4YWJcXFxceGIzXFxcXHhhNlxcXFx4YWVcXFxceGI5XFxcXHhhOVxcXFx4YWRcXFxceGI0XFxcXHhhYVxcXFx4YjJcXFxceGJhXFxcXHhiM1xcXFx4YWNcXFxceGE1XFxcXHhiOVxcXFx4YjJcXFxceGFjXFxcXHhiYVxcXFx4YjhcXFxceGI2XFxcXHg5YVxcXFx4YWRcXFxceGM2XFxcXHg5ZFxcXFx4YjFcXFxceGM0XFxcXHg5ZFxcXFx4YjBcXFxceGNiXFxcXHg5ZlxcXFx4YjlcXFxceGNhXFxcXHhhNlxcXFx4YjdcXFxceGM4XFxcXHhhOVxcXFx4YmJcXFxceGQzXFxcXHhiMVxcXFx4YjZcXFxceGMyXFxcXHhiM1xcXFx4YmJcXFxceGM0XFxcXHhiM1xcXFx4YmVcXFxceGM5XFxcXHhiYVxcXFx4YmJcXFxceGMyXFxcXHhhZVxcXFx4YzJcXFxceGNiXFxcXHhhZFxcXFx4YzFcXFxceGQ1XFxcXHhiOVxcXFx4YzNcXFxceGNjXFxcXHhiOFxcXFx4YzhcXFxceGQ2XFxcXHhiZVxcXFx4ZDFcXFxceGQ5XFxcXHhiOVxcXFx4Y2RcXFxceGU2XFxcXHhiZFxcXFx4ZDJcXFxceGU2XFxcXHhjMFxcXFx4YTlcXFxceDk4XFxcXHhjN1xcXFx4YjFcXFxceDlkXFxcXHhjN1xcXFx4YjZcXFxceGE2XFxcXHhjM1xcXFx4YmJcXFxceGI0XFxcXHhjOVxcXFx4YmVcXFxceGI1XFxcXHhkMlxcXFx4YmJcXFxceGE3XFxcXHhjMVxcXFx4YmVcXFxceGMwXFxcXHhjYVxcXFx4YzNcXFxceGJhXFxcXHhkNFxcXFx4YzFcXFxceGFkXFxcXHhkN1xcXFx4YzhcXFxceGI3XFxcXHhkZVxcXFx4ZDBcXFxceGJkXFxcXHhlNlxcXFx4ZDJcXFxceGJlXFxcXHhjNlxcXFx4YzZcXFxceGM1XFxcXHhjNFxcXFx4Y2NcXFxceGQ0XFxcXHhjYlxcXFx4ZDJcXFxceGNjXFxcXHhjOFxcXFx4ZDFcXFxceGRhXFxcXHhkMlxcXFx4Y2JcXFxceGMzXFxcXHhkMFxcXFx4Y2ZcXFxceGNiXFxcXHhkOFxcXFx4Y2RcXFxceGMyXFxcXHhkN1xcXFx4ZDNcXFxceGM1XFxcXHhkNVxcXFx4ZDJcXFxceGNkXFxcXHhkY1xcXFx4ZDBcXFxceGMzXFxcXHhkYlxcXFx4ZDRcXFxceGNiXFxcXHhkOVxcXFx4ZDlcXFxceGQ4XFxcXHhjNFxcXFx4ZDRcXFxceGUyXFxcXHhjM1xcXFx4ZDZcXFxceGU5XFxcXHhjNFxcXFx4ZGFcXFxceGVhXFxcXHhjYlxcXFx4ZDZcXFxceGUzXFxcXHhjYVxcXFx4ZGFcXFxceGU1XFxcXHhjYlxcXFx4ZGNcXFxceGViXFxcXHhkNFxcXFx4ZGNcXFxceGUzXFxcXHhkZVxcXFx4ZTBcXFxceGQ4XFxcXHhkOVxcXFx4ZTNcXFxceGVhXFxcXHhkYVxcXFx4ZWJcXFxceGY2XFxcXHhkZFxcXFx4ZjFcXFxceGZiXFxcXHhlM1xcXFx4ZDRcXFxceGM0XFxcXHhlN1xcXFx4ZDhcXFxceGM1XFxcXHhlNlxcXFx4ZGFcXFxceGNjXFxcXHhlZFxcXFx4ZDVcXFxceGMyXFxcXHhlYVxcXFx4ZGRcXFxceGNlXFxcXHhlNVxcXFx4ZGRcXFxceGQ1XFxcXHhmMFxcXFx4ZGVcXFxceGM0XFxcXHhlOVxcXFx4ZTJcXFxceGRhXFxcXHhmMFxcXFx4ZTRcXFxceGNmXFxcXHhmMlxcXFx4ZThcXFxceGRhXFxcXHhmY1xcXFx4ZjJcXFxceGRmXFxcXHhlMVxcXFx4ZTJcXFxceGUzXFxcXHhlMlxcXFx4ZTZcXFxceGViXFxcXHhlM1xcXFx4ZThcXFxceGU2XFxcXHhlNFxcXFx4ZTlcXFxceGVlXFxcXHhlZVxcXFx4ZTdcXFxceGUwXFxcXHhlY1xcXFx4ZThcXFxceGUzXFxcXHhlY1xcXFx4ZWRcXFxceGVjXFxcXHhlM1xcXFx4ZWJcXFxceGYyXFxcXHhlYVxcXFx4ZWVcXFxceGYyXFxcXHhlY1xcXFx4ZjRcXFxceGY5XFxcXHhmNFxcXFx4ZWJcXFxceGUyXFxcXHhmMFxcXFx4ZWVcXFxceGVjXFxcXHhmNlxcXFx4ZjBcXFxceGUzXFxcXHhmNVxcXFx4ZjJcXFxceGVjXFxcXHhmOFxcXFx4ZjNcXFxceGU1XFxcXHhmYVxcXFx4ZjRcXFxceGViXFxcXHhmY1xcXFx4ZjhcXFxceGViXFxcXHhmMlxcXFx4ZjNcXFxceGYyXFxcXHhmMVxcXFx4ZjZcXFxceGY5XFxcXHhmNVxcXFx4ZjlcXFxceGY3XFxcXHhmNFxcXFx4ZjlcXFxceGZjXFxcXHhmOVxcXFx4ZjZcXFxceGYyXFxcXHhmY1xcXFx4ZmFcXFxceGY0XFxcXHhmZVxcXFx4ZmVcXFxceGZlXFxcXHgwMFxcXFx4MDBcXFxceDAwXFxcXHhmZlxcXFx4ZmZcXFxceGZmd1xcXFx4ZThcXFxceDBiXFxcXHhmOFxcXFx4MDBcXFxceDAwXFxcXHgwYlxcXFx4MTdJREFUeFxcXFx4ZGFcXFxceGVkXFxcXHhkOVxcXFx4N2ZQXFxcXHgxM1dcXFxceDFlXFxcXHgwMHBrXFxcXHhjZlxcXFx4YWJcXFxceGY0XFxcXHg4N1xcXFx4YTIhXFxcXHgwOFxcXFx4ODdcXFxceGE4RVxcXFx4OWNcXFxcblJcXFxceGRiXFxcXHhhMVBcXFxceDE2RW4qXFxcXHgxN1xcXFx4YjFcXFxceDg0XFxcXHg5OFhcXFxceDhkXFxcXHhkNERcXFxceGFkd1xcXFx4YTdeK1xcXFx4YzdcXFxceDAyXFxcXHgxMlxcXFx4YmFcXFxceDgxXFxcXHhjNFxcXFx4YjZTTFxcXFx4OGRcXFxceGI1XFxcXHhiZERcXFxceDhhXFxcXHhhOFxcXFx4OTRcXFxceGExSkBcXFxceGZjXFxcXHg4MWBCXFxcXHg4ZlxcXFx4MWZcXFxceDgzIVxcXFx4MWVcXFxcXFxcXFxcXFx4ZDJcXFxceGE5XFxcXHhiMEorXFxcXHI6XFxcXG5cXFxccjRcXFxceGQ2I1xcXFx4MTB6XFxcXHg5MUlcXFxcXFxcXFxcXFx4ZjJcXFxceGZlXFxcXHhiOVxcXFx4OGRgXFxcXHgwZjtcXFxcdFxcXFx0d3pcXFxceGQzXFxcXHhjZX1cXFxceGRmTGY2eS9cXFxceGRmfFxcXFx4ZjZcXFxceGVke1xcXFx4ZGZcXFxceGI3bzNcXFxcclxcXFx4ZmRCXFxcXHhjYjRcXFxceGQ0XFxcXHhmMV5cXFxceGQzXFxcXHhhMFxcXFx4ZWZcXFxceGVkXFxcXHg5ZGVcXFxceGUzXFxcXHhhZlxcXFx4ZTNHXFxcXHhiZFxcXFx4YjY1fD11XFxcXHhjZlxcXFx4ZjBZXFxcXHg5ZlxcXFx4ZTFcXFxceGFiOy1cXFxceGQ0XFxcXHhkOHFcXFxceDBlXFxcXHhlNVxcXFx4YzNcXFxceDE3biE0XFxcXHhiMlxcXFx4OTRcXFxceGZlXFxcXHg4MVxcXFx4ZTVcXFxceGMxXlxcXFx4OWJcXFxceDE2XFxcXHg5ZVxcXFx4YmVcXFxceDdmXFxcXHg4NFxcXFx4ZmJcXFxceGE4XFxcXHhiOVxcXFx4ZmVRXFxcXHhjZlxcXFx4MDZfXFxcXHhlMVxcXFx4YzNPXFxcXHhiZlxcXFx4YjFcXFxceGViSlxcXFx4ZTBcXFxceGRhXFxcXHgwNXhcXFxceDBjXFxcXHhmOVxcXFx4YjhcXFxceGViXFxcXHg4N1xcXFx4OWNcXFxceGIzXFxcXHRcXFxceDg2MVxcXFx4MTFnNlxcXFx4MDVwXFxcXHg5OVxcXFx4ZDlcXFxceGUxdlxcXFx4MGVcXFxceDFlY1xcXFx4MWRcXFxceDBmXFxcXHhmYSRcXFxceGZkQVxcXFx4ODBtaWNEXFxcXHhmNlxcXFx4ZDJcXFxceGZhXFxcXHg5OFxcXFx4OGMlXFxcXHhjMVxcXFx4Y2VcXFxceGYxXFxcXHhiYVxcXFx4YzJcXFxceDE4Ll9cXFxceDE3XFxcXHhjNSlYKGBcXFxceDA4XFxcXHhiMFxcXFx4OTNcXFxceGY5OHZcXFxceGY5PlxcXFx4YmNcXFxceDhhXFxcXHg4YlxcXFx4ODdcXFxceDlhMTxcXFxceGY1XFxcXHhjYmlqXFxcXHhmYVxcXFx4ZWRcXFxceGM4XFxcXHgwY1xcXFx4ODJcXFxceGYxXFxcXHhjNVxcXFx4MDJcXFxceGFlXFxcXHhiMDhcXFwiISYjXFxcXHhiNlxcXFx4OWRcXFxceGM1XFxcXHhkYjtcXFxceGRlXFxcXHhhZVxcXFx4ODVcXFxceGM5XFxcXHg4OVxcXFx4YzBcXFxceGMzb1xcXFx4ODRlXFxcXHhmMFxcXFx4YjNcXFxceGMyXFxcXHJ+XFxcXHhjNGJcXFxceDAzXSVcXFxceDhhOEdcXFxceGQ3ZFxcXFx4ZjFcXFxceDEzXFxcXHhkZWhcXFxceDhjSThcXFxceGNkXFxcXHhjMGdcXFxceDEzIVxcXFx4OWFMXlxcXFx4OTRxYlxcXFx4OGZfXFxcXHhkYlxcXFx4ZDVcXFxceDE5aFxcXFx4OGR7XFxcXHhkZlxcXFx4OGN+c28sXFxcXHgwNFFcXFxceGI5Z1RcXFxceGUyZ1xcXFx4OGVcXFxcdFxcXFx4OWRBKE5cXFxceGU3XFxcXCdcXFxceDk4c35cXFxceGFjXFxcXHhlNVxcXFx4OGRcXFxcclxcXFx4ZjRcXFxceDA3XFxcXHhhZnxcXFxceDFmXFxcXHgxZVxcXFx4ZGZcXFxceGZkXFxcXHhkZFxcXFx4ZTJcXFxceGI4a1xcXFx4ZmRLXFxcXHg4Ml11XFxcXHgxYVxcXFx4OTdcXFxceGFmXFxcXHhmMlxcXFx4ZWVcXFxceGUyXFxcXHgwMUlcXFxceGM2S1xcXFx4OTg1XFxcXHhmN1xcXFx4ZjRNXFxcXHhmZVxcXFx4ZDN4XFxcXHhjMlxcXFx4ZTZcXFxceDFmXFxcXHhlMU1cXFxceDg0XFxcXHhiZiZEZlxcXFx4MWNcXFxceDhiPFxcXFx4YjJcXFxceDE4XFxcXHhlZFxcXFx4ZDJIc1xcXFx4OWUqXFxcXHhkZVxcXFx4ZDdcXFxceDFmXFxcXHg4YlxcXFx4ZTZcXFxceGZkMTZcXFxceGRib1xcXFx4ZmNcXFxcblxcXFx4YjdsXFxcXHhiNVxcXFx4ODVcXFxceGEyXFxcXHhiOD1nUFxcXFxcXFxcXFxcXHhmMVxcXFx4YmVcXFxceDllWFxcXFx4OTRcXFxceDgwXFxcXHhiMXFcXFxceGJmXFxcXHhkYypXTVxcXFx4OTZcXFxceGU2XFxcXHhjZVxcXFx4ZDJeXFxcXHRcXFxceDg3XFxcXHgxZkhcXFxceGJkeVxcXFx4YjlBPENcXFxceDEwXFxcXHhiN1xcXFx4N2ZcXFwiXFxcXHhiY3tcXFxceGQ3XFxcXHg5NWBkMVxcXFx4MDRcXFxceDFhXFxcXHhlM1xcXFxcXFxcXFxcXHg4MVxcXFx4OWNcXFxceGNmXFxcXHhhMVxcXFxcXFxcXFxcXHhmOXN3XFxcXHhlM1xcXFx4OGZtXFxcXHhhNVxcXFx4OGYwXFxcXHhkZGtoaFxcXFx4YmNcXFxceGU1XFxcXHI+WkRcXFxceGMzXFxcXHg5N1xcXFx4YzZ3XFxcXHhmN1xcXFx4ODdcXFxceGM3XVxcXFx4ZWJcXFxceGEzXFxcXHhlMVxcXFx4ZmNcXFxceGIxXFxcXHhiYVxcXFx4YzIqZ1xcXFx4ZThcXFxceGNlXFxcXHhmM31cXFxceGQxXFxcXHg4YlxcXFx4MWNcXFxceGI5Z25cXFxceGYyXFxcXHgxOWhcXFxceGQ0cVxcXFx4MWZcXFxceGZlQVxcXFx4YjBcXFxceGZkXFxcXHgwZnVDXFxcXHgwNlxcXFx4ODZ1XFxcXHgwY1xcXFx4MWVcXFxceDg5XFxcXHhkZVxcXFx4ZTJ8OFxcXFx4Y2MsPlxcXFx4ZDhcXFxceGNmRlxcXFx4ZDhcXFxceGNlOmRcXFxceGI5XFxcXHhkZlxcXFx4ZTNcXFxceGRiR1xcXFx4OTchTHRcXFxcblxcXFx4ODVcXFxceGQwXFxcXHhmMFxcXFxyXFxcXHg4OFxcXFx4YjNCXFxcXHg4MyxcXFxceGI5XFxcXHhmN1xcXFx4YmFLXFxcXHhmNFxcXFx4ZjlcXFxceDlkXFxcXHhjOFxcXFx4ZjhOXFxcXHhkZGtcXFxceGExXFxcXHhlOFxcXFx4YWRcXFxceGFiXFxcXHhjZERcXFxceDA0XFxcXHhiMlFcXFxceDEzXFxcXHhlMFxcXFx4YmZcXFxceGJiXFxcXHg5NnF1XFxcXHg5OVxcXFx4OGRcXFxceDgzXFxcXCdbXFxcXHgxM1xcXFx4MGZcXFxceGI4XFxcXHhlMFxcXFx4Y2YjXFxcXHhjNVxcXFx4ZDlcXFxceGY5REJcXFxceGQ0dlxcXFx4ZTdKXFxcXHhiNFxcXFx4YzJcXFxceGMxXFxcXHhjMVxcXFx4ZDdcXFxceDhjXFxcXHgwZlxcXFx4OTVcXFxceDllXFxcXHhkN1xcXFx4ZTlcXFxceDBmXFxcXHg5MlxcXFx4YmVcXFxceDhmbFxcXFxuXFxcXHhjNVxcXFx4OTc0RmRcXFxceGM0LnNyeGxXXXFcXFxceDk1M1xcXFx4ZWEwO1xcXFx4OWZcXFxceDExYFVoblxcXFx4YTYpU1hcXFxceGZhXFxcXHhmMVxcXFx4ZDhcXFxceDg3KzFcXFxceDAxXFxcXHg4N1xcXFx4OWZcXFxceGMwY1xcXFx4ZGZcXFxceDlkXFxcXHhlYlxcXFx4OWFyIy9cXFxceGEyTFxcXFx4ZTlcXFxceGYzYkZOZVxcXFx4ZmZGXFxcXHg4NHVcXFxceDg0cVxcXFx4ZGZcXFxceGI5XFxcXHgwZlxcXFx4N2Z3dFxcXFxyWkFcXFxceGIyMlxcXFx4YjZcXFxcXFxcXFxcXFx4MGNqXFxcXHhlNSNcXFxceDhlXFxcXHg5YVxcXFx4YWVSXFxcXHg4Y1xcXFx4YzEvXFxcXHg4ZlxcXFx4YmNcXFxceDk4XFxcXHg5YlxcXFx4OWFcXFxceGMzXFxcXFxcXFxcXFxceDhjMlxcXFx4YWY2XFxcXHgxN1xcXFx4ODhSWVxcXFx4MTNcXFxceDg3XFxcXHhjYVxcXFx4YzRiXFxcXHhiM1xcXFx4ZGFcXFxceGVjU0pcXFxceDAyNlxcXFx4YmJ9XFxcXHhiY1xcXFx4ZGYmXFxcXHg5ZlxcXFx4ZDh2OlxcXFx4ZjBcXFxceGQ0XFxcIiNcXFxceGJiXFxcXHhkZFxcXFx4ZmVcXFxceDgzY1xcXFx4YjJcXFxceGFjMlxcXFx4YTFcXFxceDk4XFxcXHhjNFxcXFx4Zjl5UlxcXFx4ZWJcXFxceDE0XFxcXHg4MjtcXFxceGE1XFxcXHhmOXlcXFxceGY5elxcXFx4MWZcXFxceDFhNklcXFxceGM0XFxcXHg5MlxcXFx4YjJcXFxceGE5XFxcXHhjMVxcXFx4OGJcXFxceGU4XFxcXHhkMG0+XFxcXHhjMlxcXFx4N2ZcXFxceDA2RVxcXFx4ZWJcXFxceGYwOVxcXFx4OGZPXFxcXHhiMVxcXFx4ZmNcXFxceGY0XFxcXHg4MjtcXFxceGE5XFxcXHg4N1xcXFxub0pcXFxceGYzXFxcXHgxZFxcXFx4YWVIXFxcXHg5YkpcXFxceGU0RT9cXFxceDgxXFxcXHgxZVxcXFx4YWVcXFxceDlhZFxcXFx4ZTlcXFxceGU0XFxcXHhmOTJcXFxceDhjUEVcXFxceGU5XFxcXHhiZHJcXFxceDgyJFxcXFx4YzlcXFxceGYyUk5aXFxcXHg5N1xcXFx4YWZwe1xcXFx4MDBlXFxcXHhjMFxcXFx4ZjNcXFxceGVjXFxcXHgxMkJcXFxceDhkXFxcXHhjYVxcXFx4ZjFcXFxceDEzXFxcXHhkYVxcXFx4YTNcXFxceGI4XFxcXHhjNlxcXFx4YzNcXFxceGEwXFxcXHhjM1xcXFx4Y2Y5JVxcXFx4ZTJcXFxceGEwS1xcXFx4MDRhXFxcXHgxZCBcXFxceDA4XFxcXHhlZFxcXFx4YjlcXFxceDExMSpRXFxcXHRcXFxceGI4XFxcXHg5M1xcXFx4YzBRblUvIVxcXFx4MWU8UiRcXFxceGI4XFxcXHhhNVxcXFx4YzU/cipxXFxcXHhiNVxcXFx4ZmJcXFxceGYza1xcXFx4ZDVcXFxceDg2cFxcXFx4ZGZcXFxceGNmXFxcXHgxNUpcXFxceGYzXFxcXHgwM2Q1XFxcXHgxNVxcXFx4ZjNcXFxceDhkPlxcXFx4MGZcXFxceDE1XFxcXHgwNioxXFxcXHhlZlxcXFx4OTRcXFxceGFlXFxcXHhiN1xcXFx4ZDRcXFxceGZjbVxcXFx4YmRzRVxcXFx4YzZcXFxceGQ2XFxcXHhmZXBcXFxceGY3XFxcXHRcXFxceGU0XFxcXHhhOFxcXFx4ODlcXFxceGQxKFxcXFx4YjRcXFxceGNkSFxcXFx4ZDR0dFxcXFx4ZTk0XFxcXHhjZFxcXFx4YjFcXFxceGVjXFxcXHgxNj8jXFxcXHhjNlxcXFx4YjRcXFxceGVmXFxcXHg5Y1xcXFx4MGNcXFxceGFlXFxcXHhhOFxcXFx4OGMzXFxcXHhiNlxcXFx4ZjBcXFxceGU3XFxcXHhlYVxcXFx4MWJcXFxceGQyXFxcXHg5OFxcXFx4ZTZcXFxceGE0XFxcXHhkMmhLXFxcXHhiNVxcXFx4ZmJxXFxcXHgxZFxcXFx4OTY6U1xcXFx4ZjRcXFxceGExXFxcXHhlMlxcXFx4OTRIXFxcXHhjOVxcXFx4ZTQmXFxcXHhmM1xcXFx4MDIoXFxcXHgxZlxcXFx4ZTFcXFxceDBlXFxcXHgxNEAlXFxcXHhlNlxcXFx4YzVcXFxceDlkUlxcXFx4YmVcXFxceGJhXFxcXHhiN1xcXFx4ZTFcXFxceDFkXFxcXHhiNDtcXFxceGI5XFxcXHg4YV54XFxcXHhkY1xcXFx4OTVcXFxceDFiUVxcXFx4YjJcXFxceDk5XFxcXHg4N1xcXFx4MGVcXFxceGEyUDI7SlxcXFx4YWZIXFxcXHgxM1xcXFx4YmRcXFxceGM2XFxcXHhjYSlcXFxceDkxXFxcXHhiMVxcXFx4MTdcXFxceGQwXFxcXHhjYlxcXFx4Y2YkXFxcXHhkM0FROVxcXFx4OGZcXFxceGZhLlxcXFx4MWFcXFxceGJiXFxcXHhhNltcXFxceGU5XFxcXCdcXFxceDk1dVxcXFx4MTVcXFxceGE3XFxcXHgwOFxcXFx4ZGNcXFxceGI2XFxcXHhlYk9FO1xcXFx4OWVcXFxceGUxXFxcXCdcXFxceDlkXFxcXHhlYWVcXFxceDkyXFxcXHg5OVxcXFx4OTdcXFxceDExXFxcXHhkN0dcXFxceGY4XFxcXHg5ZFxcXFx4ZjlcXFxceDE3XFxcXHg4MkZcXFxceDE5ZHxcXFxceGVhMXJcXFxceGZlXFxcXHg4ZEhyYVxcXFx4Y2UpXFxcXHgwZlxcXFx4ZjBcXFxceGM2NFxcXFx4ZWRcXFxceGY0XFxcXHhmMlxcXFx4ZjVcXFxceDg2XFxcXHhjNyRcXFxceGZhXFxcXHhjM1xcXFx4ZGJcXFxceGUzXFxcXHhlYnJfXFxcXHgxMkVcXFxceGY3XFxcXHhmZlxcXFx4YWE6UFxcXFx4MWZfXFxcXHhlOTF2XFxcXHhmYVxcXFx4YzcrXFxcXHhlYXZcXFxceGQ0XFxcXHgxNm5dXFxcXHhlOVxcXFx4ZDBcXFxceGE1XFxcXHgwNVxcXFx4OTFcXFxceGY5XFxcXHg4NlxcXFx4ZjdcXFxceGM5YE8oXFxcXHhlZVxcXFx4ZjdcXFxceGQ2XFxcXHg4NlNcXFxceGE4XFxcXHhiZVxcXFx4YzBcXFxceGI0XFxcXHhjNlxcXFx4OWFcXFxceGUyXFxcXHhmM21cXFxceGFkXFxcXHhkY1xcXFx4ODhcXFxceDBjR0xlXFxcXHgxNTIzXFxcXHhiYSRcXFxceGViXFxcXHhiYWFENVxcXFx4ZWVzdnlcXFxceGI1QVxcXFx4YWY6UVxcXFx4ZjNcXFxceDhmXFxcXHhhMjJcXFxceGNhdFxcXFx4YTRcXFxceGViU1xcXFx4ZjJcXFxceDFjKndcXFxceDkwRVxcXFx4YWRcXFxceDllXFxcXHhlN1xcXFx4OTJcXFxceGVkXFxcXHg4OFxcXFx4MWFcXFxceGQ5Sk5cXFxceGEwXFxcXHgwYlxcXFx4ZDRcXFxceGIwXFxcXHhiZVdcXFxceGE2Rk0yXFxcXHg4Zm1bXFxcXHhlOUVcXFxceDg0XFxcXHgxZVxcXFx4ZGJmXFxcXHhkNGttfURcXFxceGU5XFxcXHhmMFxcXFx4ZTdcXFxceGIzXFxcXHg5MVxcXFx4MDBcXFxceGY4XFxcXHhmZlxcXFx4MWNuXFxcXHhmYXFcXFxceGI3XFxcXHg5NFxcXFx4ZTFlXFxcXHgwZlxcXFx4YzdcXFxceDFiXFxcXHhmYVxcXFx4ZjdcXFxceGYxXFxcXHg5ZFxcXFx4OGRcXFxceGRlXFxcXHg4M1xcXFx4OTNcXFxceGY0XFxcXHhiNHlcXFxceDg0XFxcXHhmMFxcXFx4ZjRcXFxceDA1XFxcXHg4M1xcXFx4YThcXFxceGE2XFxcXHhhOVxcXFx4OGNcXFxceGQyXFxcXHgxZV1cXFxceGRiXFxcXHhkZCEjPVxcXFx4YWZcXFxceGM2XFxcXHhjN1xcXFx4MTZZXFxcXHhiNTJcXFxceGIyXFxcXHgwNjVcXFxcclxcXFx4OTlcXFxceGRhXFxcXHg4YSpeXFxcXHgxOCg6YVxcXFx4ZDJcXFxceGEzXFxcXHgwZSM9XFxcXHhlZlxcXFx4OWMqXFxcXHhmOW13XFxcXHgxYlxcXFx4YzhcXFxceGY0SltcXFxceGM5cVxcXFx4ZWFcXFxceDgyXFxcXHhmNlxcXFx4YThcXFxceGEzV1xcXFx4ZDZcXFxceDg2XFxcXHhiNFxcXFx4OWUmXFxcXHhhN1xcXFx4ZjZcXFxceGM4XFxcXHgxMFxcXFx4MWRcXFxceGNjXFxcXHhkZVxcXFx4OGFUXFxcXHgwZVxcXFx4YjJcXFxceGFiXFxcXHhhNFxcXFx4MWFcXFxceGI5ZlxcXFx4YjJWXFxcXHhkNlxcXFx4ZTVcXFxceDA1PlxcXFx4MTJcXFxceGQzXFxcXHhiMlxcXFx4MWRcXFxceGY5XFxcXHhhYlxcXFx4ZDNcXFxceGYzXFxcIlxcXFx4YzlcXFxceDE5XFxcXHgxN1xcXFx4ZDhcXFxceGU0Qk9cXFxceGJkfj1cXFxceDk2fFxcXFx4ZGMsJlxcXFx4OTlcXFxceDE4NVxcXFx4ZTdcXFxceGE0KFxcXFx4ZTRkXFxcXHhmMVxcXFx4OTJVdVxcXFx4ZTVtUShcXFxceGIxO1xcXFx4YmYrXFxcXHhiZVxcXFx4ODhcXFxceGRmUVxcXFx4ZTZ+XFxcXHgwMUpSXFxcXHgxN297XFxcXHhmOVxcXFx4YjRibyhcXFxceDk5VFxcXFx4MTFcXFxceGRkK3NcXFxceDFiWVxcXFx4YzdcXFxceGQ3XFxcXHhlZV1cXFxceGE1KVxcXFx4ZDdcXFxceGFmXFxcXHgxY1xcXFx4OWVcXFxceGE1XFxcXHhkOVxcXFx4ZjVsdW5cXFxceDFkQVxcXFx4YzZcXFxceGViXFxcXHgxN1xcXFx4OTAyL1xcXFx4ZjBDXFxcXHhlMVxcXFx4YzR0XFxcXHgxNFxcXFx4OGNcXFxceGVhXFxcXHhiMTdQXFxcXHhhMlxcXFx4ZTIpXFxcXHg5Y1xcXFx4ZTdpXFxcXHhjNVxcXFx4YWQvQFxcXFx4ZDhcXFxceGE1XFxcXHgxNGJcXFxceGE2SFxcXFx4YjUlbVxcXFx4ZWQ8R1xcXFx4ZmZcXFxceDBiWlxcXFx4MTZcXFxceGVmdlxcXCJcXFxceDE5XFxcXHhlM1xcXFx4ZGMlXFxcXHhmMFxcXFx4YWZcXFxceGU1JldcXFxceGJiXFxcXHg4N1xcXFx4MDdSfVxcXFx4ZDFcXFxceDk4VVxcXFx4ODc9XFxcXHg4MVxcXFx4ZjNcXFxceGQ0e1hcXFxceDFmXFxcXHhiYlxcXFx4YmYxXFxcXHhhOFxcXFx4YTVcXFxceGYxLFxcXFx4ZGVcXFxceGUwXFxcXHg5Zj5cXFxceGNkXFxcXHhkYlxcXFx4Y2JcXFxceDlhXFxcXHhlN0BcXFxceGFlXFxcXHg4OHVcXFxceGY5LFxcXFx4YjlcXFxceDE3XFxcXHhmODxcXFxceGIzRXQ6XFxcXHgxNFxcXFx4ZDVcXFxceGYzYm1cXFxceGIzK2JcXFxceDFkXFxcXHhlNVxcXFx4OWVcXFxceGVlK1tcXFxceGY4XFxcXHhiNlxcXFx4MTlcXFxceGNhXFxcXHg4MlxcXFx4OWVcXFxceGU5XFxcXHhiYVxcXFx4ZTlcXFxceDlkXFxcXHhiZk1dXFxcXHhmZFxcXFx4ZDdcXFxceGU2JVxcXFx4YTVcXFxceGY2XFxcXHhjMlxcXFx4ZmRcXFxceDhkXFxcXHg4Y1xcXFx4YWFcXFxceGZlXFxcXHhjOFxcXFx4OTFcXFxceGI5XFxcXHgwNV9cXFxceGY1XFxcXHhiYllcXFxceGI1RFxcXFx4ZmFcXFxceDlkXFxcXHgxYVxcXFx4Y2NcXFxceGE4XFxcXHhlM1xcXFx4ZDNcXFxceGYwXFxcXHg4ZExcXFxceDg3XFxcXHhlYVxcXFx4OTJcXFxceGRhXFxcXHgxNlxcXFx4ZTR2XFxcXHgwMWpcXFxceDEwXFxcXHgwZVxcXFx4ZTRcXFxceDk1W1xcXFx4MGJcXFxceGY3NVxcXFx4ZjhcXFxceDE5XFxcXHhlM1xcXFx4YjZcXFxceGFjXFxcXHhlYVRcXFxceGE5XFxcIm1zalxcXFx4YWJcXFxceGVmXFxcXHgwNlpcXFxcJ1xcXFx4ZGZcXFxceGU1XFxcXHg3ZkRcXFxceGFmXFxcXHhiOWUyZFxcXFx4ZDAoXFxcXHRcXFxceGU5UDlxXFxcXHhjMmNTXFxcXHg4OVg6QHxQXFxcXHhhNFxcXFx4YzYpXFxcXHg5NVxcXFx4ZGFcXFxceDg0XFxcXHhjYlxcXFx4OGZcXFxceDE5XFxcXHhiMlxcXFx4YzVcXFxceGQ2XFxcXHg5MWxcXFxceDA3UlxcXFx4OGFcXFxceDliXFxcXHhjNFxcXFx4ZjlcXFxceDAyN1xcXFx4ZjdcXFxceDgxXFxcXHhiZFxcXFx4YjhcXFxceDhjXFxcXHhlYSNcXFxceGM0Q1xcXFx4OWY4empcXFxceDlicFxcXFx4YjlTXFxcInBcXFxceDdmXFxcXHhhZlxcXFx4ODJcXFxceDk0eFxcXFx4OTdcXFxceDgxXFxcXHgxMFtcXFxceGVmXFxcXHg4OFxcXFx4OTFSb1xcXFx4Y2FcXFxceDk2WlxcXFx4ZTlcXFxceDg4ciV+XFxcXHgwMlxcXFx4ZjJcXFxceGY4L1xcXFx4MTlcXFxceGVlXFxcXHhlNFFcXFxceGJmXFxcXHhkMFxcXFx4MWVcXFxceGQ3XFxcXHRcXFxceGZmXFxcXHhiM1xcXFx4YWRcXFxceGU0XFxcXHhlMFxcXFx4ZDhcXFxceGViXFxcXHhhMVxcXFx4YzJcXFxceDhiXFxcXHg5ZlxcXFx4ZjRcXFxceGE5XFxcXHgxN1xcXFx4OTVcXFxceGRjXFxcXHhiMFxcXFx4OTQwNlxcXFx4ZDdcXFxceDlmXFxcXHhjOUt5NixcXFxceDA2O1xcXFx4ZTBcXFxceGMzXFxcXHgwM1xcXFx4Y2NcXFxceDA0XlhcXFxceGVkXFxcXHhkOFxcXFx4YTFcXFxceGM1IVxcXFx4YTFcXFxceGY2XFxcXFxcXFx5XFxcXHhjOHBMcVxcXFx4MWVcXFxceDg1XFxcXHgxMFxcXFx4ODE1XFxcXHgwY1xcXFx4OWNpXFxcXHhlNVxcXFx4ZTBcXFxceGE5XFxcXHg5ZVxcXFx4Y2VcXFxceGMyNFxcXFx4OTgxXFxcXHhiOFxcXFx4Y2VcXFxceGE5LFxcXFx4ZGYoXFxcXHgxZUwsWlxcXFx4OWVxXFxcXHhjZHtcXFxceGVjXFxcXHgxNj5lMytcXFxceGQ4WCpcXFxceDk3LzpcXFxceGY3XFxcXHhmOFxcXFx4MDdZXFxcXHhlY1xcXFx4YjVcXFxceDA1XFxcXHhlZU9cXFxceDkwXFxcXHhjNVxcXFx4ZDlcXFxceGFmSE1cXFxceGQwXFxcXCc7Z1xcXFx4MTlzXFxcXHgwNWxcXFxceGNjXFxcXHhjOFxcXFx4YzUjLFxcXFx0XFxcXHhmOEYvcFxcXFx4ZGRcXFxceGU2XFxcXHhiZVhnXFxcXHgxMFUvXFxcXFxcXFxcXFxceDhlOFxcXFx4Y2FcXFxceDAwYlZcXFxceGE3XFxcXHg4N1xcXFx4OTY9M1xcXFx4ZDlcXFxceDE0XFxcXHhhZmFcXFxceDlmXFxcXHhlZVxcXFx4ZDdcXFxceDhkW3pcXFxceGYzN2dcXFxceGZhXFxcXHhmMFxcXFx4MThcXFxceGMxXFxcXHhhOWQlXFxcXHhlYlxcXFx4MTVVXFxcXHhkN1xcXFx4ZjloXFxcXHhlMVxcXFx4OWVcXFxceGNmMUdcXFxceDk2ZnhcXFxceGI5XFxcXHhkYnZcXFxceDg3TlxcXCIyS1xcXFx4YTh3clxcXFx4YmVkfVxcXFx4Yjg2XFxcXHhkMDEwXFxcXHhkOCRcXFxceGYxXFxcXHhhZmNcXFxceDk0XFxcXHhkZFxcXFx4ZjZcXFxceDAyXFxcXHg3ZlxcXFx4ODVcXFxcJ1xcXFx4OThtXFxcXHhhNFdOIVxcXFx4OWJcXFxceDg2b1xcXFx4YjNcXFxceGZmXFxcXHhlMHlcXFxceDAzXFxcXHhmOVxcXFx4MTdcXFxceGI0XFxcXHhhZVxcXFx4OTlcXFxceGJmamtcXFxceGYxXFxcXHhjOVxcXFx4YTRwe1xcXFx4YTZcXFxceDBmXFxcXHhjZlxcXFx4OGRcXFxceGM4XFxcXHhkYlxcXFx4YTgvXFxcXFxcXFxxXFxcXHhjNlxcXFx4MDVcXFxceGNmXFxcXHhhMlxcXFx4ZTF7PlxcXFx4YmZcXFxceGYzXFxcXHhhMlxcXFx4ZmJcXFxceGMwXFxcXCdcXFxceGQxXFxcXHhhNVxcXFx4YmJcXFxceDFkSVxcXFx4YTdcXFxceDE1KWpealxcXFx4ODhcXFxceGQ1XFxcXHhkMlxcXFx4YzFcXFxceDFjWlxcXFx4ZGRpUVxcXFx4MDVNOlxcXFx4ODJcXFxceGE3XFxcXHhmNUdcXFxceGQwXFxcXHhkN3QzXFxcXHhiZHJcXFxcbjcgXFxcXHgwZVxcXFx4ODlcXFxceGUxbFxcXFx4Y2ZdXFxcXHhjOTVcXFxceGFlQ1xcXFx4OTdcXFxceDlhXFxcXHhiN1dcXFxceGQwXFxcXHhmN2VcXFxceGU3M3xcXFxceGU4XFxcXHhmMVxcXFx4ZjZcXFxceDg1PFxcXFx4ZWNcXFxceGUwXFxcXHhkYmduXFxcXHhkZVxcXFx4ZWJcXFxceGYxXFxcXHgxZHtcXFxceGIzXFxcXHhhZXhcXFxceGU4XFxcXHhmMVxcXFx4ZmVcXFxceDg1XFxcXHhlYlxcXFx4ZGVcXFxceGRiXFxcXHhjM2NpXFxcXHhhZT9GXFxcXHhjZD1YXFxcXHhiYyZMXFxcXHgxZkJgXFxcXHhhOWF4LFxcXFx4ZjVcXFxceDA4XFxcXHhmMlxcXFx4YjhcXFxceGYzXFxcXHhlMVxcXFx4ZTY2XFxcXHhlN1xcXFx4YTNPXFxcXHg4N1xcXFx4YjByXFxcXHhmZVxcXFx4MWZcXFxceGMzXFxcXHg4YlxcXFx4MDU4MXFcXFxceDFhXFxcXHhiNG9cXFxceGYyXFxcXHg5MFxcXFx4Yzc/XFxcXHg5YmpcXFxceGVjXFxcXHgxZVxcXFx4YjVcXFxceGE3XFxcXHg5YVxcXFx4YzJcXFxceGFhXFxcXHg4N1xcXFx4MDBcXFxceDhmXFxcXHhlZlxcXFx4YjRcXFxceDBjdVxcXFx4MWM5XFxcXHhhYlxcXFx4Y2E+XFxcXHhkN35cXFxceDljaCNqXFxcXHhkYV9cXFxceGI3XFxcXHhiOVxcXFx4ZmRcXFxcJ3BcXFxceGY4XFxcXHhhY11CXFxcXHgxOEtLXFxcXHhmMlxcXFx4YjREXFxcXHhmN1xcXFx4ODhEfFxcXFx4YmJcXFxceDg5XFxcXHhmMFxcXFx4ZjZcXFxceGMwXFxcXHhiYnlcXFxceDFifVxcXFx4YmFEXFxcXHg5ZVxcXFx4YTNcXFxceGI0RFxcXFx4YWMlXFxcXHg4Y0dcXFxceDhiXFxcXHhjNFxcXFx4ZDZcXFxceDBlQmZcXFxceDkzXFxcXHhjOXRcXFxceDgyPz9cXFxceDA4LyZcXFxceDhjXFxcXHhiZFxcXFx4ODRcXFxceGQ0clxcXFx4MWNJXFxcXHhhZFxcXFx4YmFcXFxceGI2fFxcXFx4MTlcXFxceGE1XFxcXHhhNUNcXFxceDk3XFxcXHgxM2pvXFxcXHhmMDpcXFxceGIzXFxcXHhiOTFcXFxceGQ2LFxcXFx4ZmYhRFxcXFx4YzlcXFxceGJmXFxcXHhmOFxcXFx4ZTRwUDtcXFxceDlmXFxcXHhlM1xcXFx4ZjZcXFxceGZmXFxcXHhjOVxcXFx4ZWJcXFxceDliXFxcXHhkYVxcXFx4Y2ZdXFxcXFxcXFxcXFxceGZmXFxcXHhiMn5cXFxceGY3XFxcXHhmNmZhem1HXFxcXHgxNFxcXFx4YzNcXFxceGFhcnhcXFxceDg3XFxcXHhhYlxcXFx4YmFcXFxceDBlXFxcXHhlZFxcXFx4OGZcXFxceGQzXFxcXHhhN1xcXFx4YmZcXFxceGRiXFxcIlxcXFx4OWNcXFxceGEzXFxcXHhhZlxcXFx4ZGZWdGt3XFxcXHhkOVxcXFx4MTNcXFxceGRmXFxcXHgwNFlXP1xcXFx4MDBvXFxcXHhkZTxcXFxceGYwXFxcXHhkZVxcXFx4YWFcXFxceGFmXFxcXHhiNV1cXFxceGFjXFxcXHhmZVlcXFxceDlhXFxcXHgxZFxcXFx4Y2NcXFxceGNiXFxcXHhjNVxcXFx4ZmFPblxcXFx4YzdcXFxceGZmPVxcXFx4ZGNWXFxcXHhlYVxcXFxyXFxcXHg5ZSZcXFxceDk2NlxcXFx4ZWMzYVxcXFx4ZTJcXFxceDE5XFxcXHg5MlxcXFx4Y2E+NlxcXFx4YzJ0XFxcXHhkM1xcXFx4OTZcXFxceGI4XFxcXHhkZnNuKmdcXFxceGU3RC9cXFxceGIyXFxcXHhiYVxcXFx4MTJcXFxceGYzXFxcXHhjYlxcXFx4MDJcXFxceGIxXFxcXHhiYzElXFxcXHhkNVxcXFx4MDdcXFxceGI4SFxcXFx4YjBcXFxceGVhXFxcXHhmN2NcXFxceGRmXFxcXHRAXFxcXHhkZlxcXFx4YzZyXFxcXHg4OFxcXFx4YjlcXFxceDA3YlxcXFx4ODcjfjJUXFxcXFxcXFxbXFxcXHhiN1xcXFx4MGVcXFxceGVlXFxcXHgxYWNcXFxceGE2Ui5MXFxcXHg5ZUdcXFxceGExXFxcXHhkMVxcXFx4MDRcXFxceGIxXFxcXHg3ZlxcXFx4YTdcXFxceGYyVVxcXFx4YTE3eDdCXFxcXHg4ZFxcXFx4ZWZeXFxcXHhlNHc8XFxcXHg5ZF9cXFxceGQ5XFxcXHhiM1xcXFx4MDFhXFxcXHg4Nk1cXFxceDhhXFxcXHgwMlxcXFx4ZjdcXFxceGYwNzVcXFxceGY1XFxcXHhlMVxcXFx4YTFcXFxceGQ0XFxcXHhkYmdcXFxceGJlXFxcXHhlNVxcXFx4OGJcXFxceDBlXFxcXHhiNlxcXFx4Y2JcXFxceGE1XFxcXHg5NlxcXFx4YzRcXFxceGFiXlxcXFx4ZTBcXFxceGZjb1xcXFx4YzhAXFxcXHhmM25cXFxceGUxXFxcXHhjYXtcXFxceGYwOVxcXFx4OWFcXFxceGMyLVxcXFx4MGNLXFxcXHhkYztcXFxceGViR1xcXFx4MThcXFxceGU2XFxcXHhmOFxcXFx4YWFcXFxceDA3XFxcXHhlZmlcXFxceGJlID4xXFxcXHgxZlxcXFx4ZGFcXFxceGRmXFxcXHhmY1xcXFx4ZWJbcVtcXFxceDkyXFxcXHhkNFxcXFx4Y2FcXFxceGQyXFxcXHgwOFxcXFx4OTNcXFxceGZmZ1xcXFx4ZjJcXFxceDgxQFxcXFx4YzdcXFxceGU0cFxcXFx4ZDdcXFxceDA1XFxcXHhlZlxcXFx4ZmRqXFxcXHhiNFxcXFx4YThcXFxceGNjIFxcXFx4ZmJ6XFxcXHhhNFxcXFx4MDZVXFxcXHg5OFxcXFx4ZGFcXFxceDljXFxcXHhhNVxcXFx4ZWVcXFxceGUxJlxcXFx4ODlcXFxceGE2SE5cXFxceGI1XFxcXHgxYlxcXFx4ZmZcXFxceGQ5OlokXFxcXHhiM2hcXFxceGM1XFxcXHhkNV5cXFxceGM2eFxcXFx4OWZYLDVcXFxceGU0dVxcXFx4YzkqXFxcXHgxY1xcXFx4YWVcXFxceGVmLC5cXFxceGE3XFxcXHgwN1xcXFx4YWZcXFxceDk0XFxcXHg5NFVcXFxceGEzXFxcXHg4ZVxcXFx4YmNcXFxceDhhXFxcXHgwN3dcXFxceGU0KlxcXFx4ZTlgb1xcXFx4OWVcXFxceDljXFxcXHhiMlxcXFx4YzlcXFxceDkxXFxcXHhjYWhTXFxcXHg5NiFcXFxceDk1XFxcXHhlY1xcXFx4ZDJnXFxcXHhhYTxcXFxceGZkQ0pcXFxceDg3XFxcXHhlOVxcXFx4MDdcXFxceGZlXFxcXHhiYjRcXFxceGIwXFxcXHgwY1xcXFx4ZjI4XFxcXHhjMFxcXFx4MDFcXFxceDBlcFxcXFx4ODBcXFxceDAzXFxcXHgxY1xcXFx4ZTBcXFxceDAwXFxcXHgwNzhcXFxceGMwXFxcXHgwMVxcXFx4MGVwXFxcXHg4MFxcXFx4MDNcXFxceDFjXFxcXHhlMFxcXFx4MDBcXFxceDA3OFxcXFx4YzBcXFxceDAxXFxcXHgwZXBcXFxceDgwXFxcXHgwM1xcXFx4MWNcXFxceGUwXFxcXHgwMFxcXFx4MDc4XFxcXHhjMFxcXFx4MDFcXFxceDBlcFxcXFx4ODBcXFxceDAzXFxcXHgxY1xcXFx4ZTBcXFxceDAwXFxcXHgwNzhcXFxceGMwXFxcXHgwMVxcXFx4MGVwXFxcXHg4MFxcXFx4MDNcXFxceDFjXFxcXHhlMFxcXFx4MDBcXFxceDA3OFxcXFx4YzBcXFxceDAxXFxcXHgwZXBcXFxceDgwXFxcXHgwM1xcXFx4MWNcXFxceGUwXFxcXHgwMFxcXFx4MDc4XFxcXHhjMFxcXFx4MDFcXFxceDBlcFxcXFx4ODBcXFxceDAzXFxcXHgxY1xcXFx4ZTBcXFxceDAwXFxcXHgwNzhcXFxceGMwXFxcXHgwMVxcXFx4MGVwXFxcXHg4MFxcXFx4MDNcXFxceDFjXFxcXHhlMFxcXFx4MDBcXFxceDA3OFxcXFx4YzBcXFxceDAxXFxcXHgwZXBcXFxceDgwXFxcXHgwM1xcXFx4MWNcXFxceGUwXFxcXHgwMFxcXFx4MDc4XFxcXHhjMFxcXFx4MDFcXFxceDBlcFxcXFx4ODBcXFxceDAzXFxcXHgxY1xcXFx4ZTBcXFxceDAwXFxcXHgwNzhcXFxceGMwXFxcXHgwMVxcXFx4MGVwXFxcXHg4MFxcXFx4MDNcXFxceDFjXFxcXHhlMFxcXFx4MDBcXFxceDA3OFxcXFx4YzBcXFxceDAxXFxcXHgwZXBcXFxceDgwXFxcXHgwM1xcXFx4MWNcXFxceGUwXFxcXHgwMFxcXFx4MDc4XFxcXHhjMFxcXFx4MDFcXFxceDBlcFxcXFx4ODBcXFxceDAzXFxcXHgxY1xcXFx4ZTBcXFxceDAwXFxcXHgwNzhcXFxceGMwXFxcXHgwMVxcXFx4MGVwXFxcXHg4MFxcXFx4MDNcXFxceDFjXFxcXHhlMFxcXFx4MDBcXFxceDA3OFxcXFx4YzBcXFxceDAxXFxcXHgwZXBcXFxceDgwXFxcXHgwM1xcXFx4MWNcXFxceGUwXFxcXHgwMFxcXFx4MDc4XFxcXHhjMFxcXFx4MDFcXFxceDBlcFxcXFx4ODBcXFxceDAzXFxcXHgxY1xcXFx4ZTBcXFxceDAwXFxcXHgwNzhcXFxceGMwXFxcXHgwMVxcXFx4MGVwXFxcXHg4MFxcXFx4MDNcXFxceDFjXFxcXHhlMFxcXFx4MDBcXFxceDA3OFxcXFx4YzBcXFxceDAxXFxcXHgwZXBcXFxceDgwXFxcXHgwM1xcXFx4MWNcXFxceGUwXFxcXHgwMFxcXFx4MDc4XFxcXHhjMFxcXFx4MDFcXFxceDBlcFxcXFx4ODBcXFxceDAzfFxcXFxuXFxcXHhlNV9cXFxceGEzXFxcXHhjZVxcXFx4ZmFcXFxceDhlXFxcXHgxOUZcXFxceGUxO1xcXFx4MDBcXFxceDAwXFxcXHgwMFxcXFx4MDBJRU5EXFxcXHhhZUJgXFxcXHg4MlBLXFxcXHgwM1xcXFx4MDRcXFxceDE0XFxcXHgwMFxcXFx4MDhcXFxceDA4XFxcXHgwOFxcXFx4MDBcXFxceGEwXFxcXFxcXFxcXFxceGQ0TFxcXFx4MDBcXFxceDAwXFxcXHgwMFxcXFx4MDBcXFxceDAwXFxcXHgwMFxcXFx4MDBcXFxceDAwXFxcXHgwMFxcXFx4MDBcXFxceDAwXFxcXHgwMFxcXFx4MGNcXFxceDAwXFxcXHgwMFxcXFx4MDBzZXR0aW5ncy54bWxcXFxceGVkWVxcXFx4ZDFyXFxcXHhkYThcXFxceDE0fVxcXFx4ZWZXMH5cXFxcJ1xcXFx4MDZcXFxceDkyXFxcXHhhNlxcXFx4YzVcXFxceDEzXFxcXHhlOFxcXFx4MTBcXFxceGRhLGlcXFxceGJibVxcXFx4MDZcXFxceDkzXFxcXHhiNFxcXFx4ZGI3YV9AXFxcXHgxM1lcXFxceGQ3I1xcXFx4Yzk4XFxcXHhmNFxcXFx4ZWJXXFxcXHhiNnFcXFxceDk2OFxcXFx4ZjZcXFxceGM2XFxcXHg4MFxcXFx4ZDVcXFxceGU5XFxcXHhjZVxcXFx4ZWNTXFxcXHg4MiVcXFxceDlke1xcXFx4Yjk+OlxcXFx4ZjdIXFxcXFxcXFxcXFxceGJje1xcXFx4MDhYa1xcXFxyQlJcXFxceGU0XFxcXHgwM1xcXFx4YWJ7XFxcXHhkMlxcXFx4YjFaXFxcXHhjMD1cXFxceGY0KV9cXFxceDBlXFxcXHhhY1xcXFx4ZGJcXFxceGQ5VVxcXFx4ZmJcXFxceGFkXFxcXHhmNW5cXFxceGY4XFxcXHhlYVxcXFx4MDJcXFxceDE3XFxcXHgwYlxcXFx4ZWFcXFxceDgxXFxcXHhlM1xcXFx4YTNcXFxceDE3XFxcXHgwNVxcXFx4YzBVW1xcXFx4ODJSelxcXFx4OGFsXFxcXHhlOVxcXFx4ZTVcXFxcXFxcXDpcXFxceGQ5XFxcXHhmMFxcXFx4YzBcXFxceDhhXFxcXHgwNHdcXFxceDkwSCpcXFxceDFkTlxcXFx4MDJcXFxceDkwXFxcXHg4ZVxcXFx4ZjJcXFxceDFjXFxcXHgwY1xcXFx4ODFcXFxceGU3XFxcXHhjYlxcXFx4OWNcXFxceGRkXFxcXHhkOU5cXFxceDFhLHtcXFxceGYyXFxcXHhjMChcXFxceGJmXFxcXHgxZlgrXFxcXHhhNUJcXFxceGM3XFxcXHhiNlxcXFx4ZTM4PlxcXFx4ODlPT1AsXFxcXHhlZG5cXFxceGJmXFxcXHhkZlxcXFx4YjdcXFxceGQzXFxcXHhkMXxcXFxceGFhXFxcXHg4N3xBXFxcXHg5N3VDZVxcXFx4YjN3QyFcXFxceGUyY1xcXFx4YTBkQVxcXFx4OTZMXFxcXHgxYVxcXFx4YWNcXFxceGQ3XFxcXHhlOVxcXFx4OWNcXFxceGQ5XFxcXHhkOWdcXFxceGFiXFxcXHhiNU1yXFxcXHhhNzQ9a1xcXFx4OThcXFxceGQ3IVxcXFx4ZmZcXFxceGZhXFxcXHhjM1xcXFx4OGJtXFxcXHg4MFxcXFx4ZWNPXFxcXHg5YipcXFxceDA4XFxcXHg5MlxcXFx4ZGFcXFxceGI0XFxcXHhiNlxcXFx4OGZcXFxceDkzXFxcXHhkNFxcXFx4MDZcXFxceDk2XFxcXHgwZVxcXFx4ZTlcXFxceGFjKVxcXFx4YzRcXFxceDhmVVxcXFx4YjNcXFxceGNhXFxcXHhkNj1dc0clXFxcXHg5ZDNcXFxceDE4XFxcXHQgM1xcXFx4MGNcXFxceGFkfFBtQj1IXFxcXHhiOVxcXFx4YjJcXFxceDg2XFxcXHg5ZFxcXFx4MGJcXFxceGZiOVxcXFx4YzheXFxcXHhjMFxcXFx4OWZhXFxcXHhhMVxcXFx4Y2MgXFxcXHg3ZlxcXFx4YTNcXFxceGJlWlxcXFx4OTVBXFxcXHhiZlxcXFx4ZWVcXFxceGY0T1xcXFx4ZmJHXFxcXHhjM09cXFxceDgwLldcXFxceGE1XFxcXHhhOVxcXFx4Zjd6XFxcXHhhZlxcXFx4ZGZcXFxceGQ0XFxcXHg4NW9cXFxceDA3JGxTXFxcXHhlZVxcXFx4YzNcXFxceDAzXFxcXHhmOFxcXFx4YzVQXFxcXHgxMFxcXFx4OTdcXFxceGJmXFxcXHhhNHRcXFxceDhkXFxcXHhhNlxcXFx4OTdcXFxceGQ4XFxcXHhkNElcXFxceDE4XFxcXHhlMmtcXFxceGJmXFxcXHg5MFxcXFx4YTVUQjNcXFxceGMwXFxcXHgxYSZ8XFxcXHhlOFxcXFx4ZWVcXFxceDk1aVxcXFx4MDJaXFxcXHhjOHNGdEFeSlxcXFx4ZjRcXFxceGU5XFxcXHgxMndcXFxceDA1XFxcXHhhMFxcXFx4YmE1XFxcXHgwODhcXFxceDhlXFxcXHg4NERxXFxcXHg4M1xcXFx4OTIqXFxcXHhjZFxcXFx4ZmZcXFxceGVmXFxcXHJcXFxceGYyXFxcXHhlNClcXFxceGYyX1xcXFx4YTU0OVxcXFx4MGN5XFxcXHg4MlxcXFx4ODJcXFxceGZlRFxcXFx4YWVcXFxceDA4c0NGXFxcXHhkNVxcXFx4OWZcXFxceGU4Q1xcXFx4YjFcXFxceGZjK1xcXFx4MTRHMFxcXFx4MWNcXFxceDg0XFxcXHhhMlxcXFx4OWUpXFxcXHhmNEJcXFxceGY2eVxcXFx4ODFcXFxceDlhXFxcXHhkY1xcXFx4YTFcXFxceGJiXFxcXHhmOVxcXFx4MWJcXFxceGMwXFxcXHgxZnlcXFxceDhhXFxcXHhhZSFFXFxcXHg5ZlxcXFx4MTJcXFxceGJlXFxcXHhhYyhPXFxcXHhlZjBcXFxceGYwPFxcXFx4ZGZcXFxceDg2VStcXFxceDg3XFxcXHg5ZFZJXFxcXHhjYVxcXFx4OTFcXFxceGI4XFxcXHhjZFxcXFx4YWF3XFxcXHg4ZXpcXFxceDg5SmFcXFxceGQwIFxcXFx4ZjBcXFxceDBmXFxcXHhjNGBcXFxceGE2UVxcXFx4MWFldFxcXFx4MDJ6R1hURE1cXFxceDEzXFxcXHhlZHZcXFxceDBlXFxcXHhhZFxcXFx4MDFZQlxcXFx4YTJcXFxceGFkXFxcXHhmZlxcXFx4OGF+fiBcXFxceGI4XFxcXHhiYlxcXFx4YzJcXFxceGY4XFxcXHgwZkFcXFxceDhiXFxcXHhiMj1HZEBcXFxceGI4NVRcXFwiXFxcXHg4MnJcXFxceGU0XFxcXHg5MlxcXFx4ODdcXFxceGJiXFxcXHhkZFxcXFx4YTJqOFxcXFx4OTVcXFxceGY1XFxcXHhiYVsrXFxcXHgxNVxcXFx4ZmNcXFxceDhhXFxcXHg4ZVxcXFx4OTIpXFxcXHhmYlxcXFx4ZDFcXFxceGQyXFxcXHhlM1xcXFx0ZGxORGVcXFxceDBiXFxcXHhlZlxcXFx4ZjZcXFxceGNlXFxcXHgwZVxcXFx4ZWNcXFxceGUwXFxcXHhmZnNcXFxceGVjXFxcXHgxZlxcXFx4OGUlXFxcXHgwMS5cXFxceGI1XFxcXHg5NVxcXFx4YjlcXFxceGJmXFxcXHgxMVxcXFx4OTB4XFxcXHg4MSpcXFxceGJlLVxcXFx4MDhcXFxceDkzXFxcXHgxNVxcXFx4ODRcXFxceGFiXFxcXHgxM1xcXFx4ZTZcXFxceDA3XFxcXHgwOExcXFxceGYzXFxcXHg5N1xcXFx4ZmJcXFxceDEzXFxcXHhiYVxcXFx4MGVcXFxceGZlXFxcXHgxN1RcXFxceGE2XFxcXHhhMFxcXFx4MGZcXFxceGRiXFxcXHg4NS8hXFxcXCdcXFxceGE4Y2QoXFxcXG5cXFxceGQwXFxcXHgwY1xcXFx4OTM9XFxcXHhkNFxcXFx4ZWRcXFxceDlkXFxcXHg5ZmpcXFxceDBieVxcXFx4ZGVcXFxceGMwezVQXFxcXHg5NVxcXFx0XFxcXHg5MTpcXFxceGY1KFxcXFx4ZTBTXFxcXHg4Y1xcXFwnQHx9NDFcXFxceDEyJFVcXFxceDEyLTVcXFxceDA2XFxcXHhkMFxcXFx4YWZcXFxceGU1XFxcXHhkN0hcXFxceGU5XFxcXHhlM1xcXFx4MWNcXFxceGI4XFxcXHg5YmBcXFxceDhlTFxcXFx4YmFQXFxcXHhlY1xcXFx4YjlcXFxceDhkXFxcXHgwNEkpP1xcXFx4ZDFcXFxceDFkXFxcXHg5ZCVdXVxcXFx4Y2JcXFxceGUzXFxcXHgwN1xcXFx4OWUoZyVcXFxceDlmXFxcXHg4ZVxcXFx4ZDhlXFxcXHhkN1xcXFx4ZDJcXFxceGU1JFxcXFx4OWNcXFxceGUxXFxcXHg5NEhcXFxceDA1RVY1XFxcXHgxMSBcXFxceDAzXFxcXHhkNlxcXFx4ZGYpO1xcXFx4ZmZcXFxceDE4XFxcXHg4YjBcXFxceDA1XFxcXHhhOVxcXFx4YzlVaVxcXFx4ZjZcXFxceGI1XFxcXHg5NFxcXFx4MWUod0VcXFxceGY4UlxcXFx4YzdcXFxceDdmLFxcXFx4YmNcXFxceDFiXFxcXHhjZH1cXFxceGJhXFxcXHhhNlxcXFx4YjIyXFxcXHhmZFxcXFx4ODZcXFxceGMwXFxcXHhjYlxcXFx4OTM/XFxcXHg5NDpcXFxceDE5XFxcXHhmY1xcXFx4ZThcXFxceDgxSndcXFxceGMzXFxcXHhiZFxcXFx4OTVATlxcXFx4N2ZWXFxcXHhiM1xcXFx4YjRxXFxcXHhlZlxcXFx4YjE9XFxcXHhmY1xcXFx4OTZPXFxcXHg5MFxcXFx4YTBcXFxceGVhX29kXFxcXHgwZlxcXCJBXFxcXHg5MlxcXFx4MTdcXFxceGJjXFxcXHhjZj1cXFxceGM3XFxcXHhiNXxcXFxceGJmXFxcXHhiZFxcXFx4YjFxV0RcXFxceDE4XFxcXHhkOVxcXFx4YTFcXFxceDlmXFxcXHg5MVxcXFx4ZjhTLVxcXFx4OTdcXFxceGM4XFxcXHhkOVxcXFx4YzZcXFxceDAwXFxcXHhmY1xcXFx4ODgxLVxcXFx4ZmJcXFxceGRhXFxcXHg4M1xcXFx4YTlcXFxceDhmOFxcXFx4MWZcXFxceDEzXFxcXHhlZVxcXFx4MDFrXlxcXFx4ZDJuQ1xcXFx4OWYoXFxcXHhiOFxcXFx4MTJcXFxceGRhQEFcXFxceDEwMlxcXFx4ZmRcXFxceGJmXFxcXHRcXFxceGQ5XFxcXHhmY1xcXFx4MDRcXFxceDgyXFxcXHg4ZiQlXFxcXHhmYyZcXFxceGUyXFxcXHg5ZVxcXFx4OGFIXFxcXHhjOVxcXFx4ZjFcXFxceGIwXFxcXHg4OVxcXFx4OGF9XFxcXHgwOFxcXFx4ZTZcXFxceGUwX2lcXFxceGJiWVxcXFx4ZDlgflxcXFx4N2Y9XFxcXHhmZVxcXFx4YWZcXFxceGFhXFxcXHhhNVxcXFx4ZTlcXFxceGY2XFxcXHhkZVxcXFx4OTRcXFxceGEyXFxcXHhiZFxcXFx4MTRcXFxceGM5XFxcXHhiNFxcXFx4ZDcyXFxcXHhlN0BcXFxcclxcXFx4ZGFcXFxceGU2X1xcXFx4ZTJcXFxceGFlXFxcXHg4Y1xcXFx4MWYrXFxcXHhjOFxcXFx4MWFcXFxceGVlXFxcXHhiMltcXFxceGY3XFxcXHhhZnxcXFxceGNjUFxcXFx4OWFcXFxceGIwPCZcXFxceDhmXFxcXHgwMVxcXFx4ZTZcXFxccltcXFxceGRhbUB8XFxcXHhkMVxcXFx4MWZcXFxceGNhL1xcXFx4MDNcXFxceGVjXFxcXHgxYV1cXFxceDkxXFxcXHhmMlxcXFx4ZmJcXFxceGFjXFxcXHhhYlRfZFxcXFx4OWVcXFxceGZlXFxcXHg4NlxcXFx4OGVcXFxceGVjXFxcXHg5N1xcXFx4MWNcXFxceDgyXFxcXHg4Y1xcXFx4ZGFcXFxceGJlUVxcXFx4YTRwTFxcXFx4OThcXFxceDE3XFxcXHg5OWlcXFxceGUzW3JcXFxceGU4XFxcXHhiZFxcXFx4MWZcXFxceDE1b1xcXFx4MWVcXFxceGU3RFxcXFx4YzJcXFxceGY5XFxcXHhkOSVcXFxceGU1RGxcXFxceGVhcGRcXFxceDE0XFxcXHg4NmxzK0FcXFxceGJjXFxcXCdcXFxceDhhNFxcXFx4OWZcXFxceGU5WDs+XFxcXHhlMlxcXFx4ZTlcXFxcXFxcXFxcXFx4YzdcXFxceDE4XFxcXHg4NFxcXFx4MDJkUlxcXFx4ZThcXFxceGJkXFxcXHhlZlxcXFx4ODcqXFxcXHhhZFxcXFx4YWJcXFxceGZkXFxcXHhlY1xcXFx4Yjc6XFxcXHhiYlxcXFx4ZWFXXFxcXHhjY1xcXFx4ZTFcXFxceGRmUEtcXFxceDA3XFxcXHgwOG9cXFxceGUwXFxcXHg5OUdcXFxceGQ4XFxcXHgwM1xcXFx4MDBcXFxceDAwXFxcXHgwN1xcXFx4MWRcXFxceDAwXFxcXHgwMFBLXFxcXHgwM1xcXFx4MDRcXFxceDE0XFxcXHgwMFxcXFx4MDhcXFxceDA4XFxcXHgwOFxcXFx4MDBcXFxceGEwXFxcXFxcXFxcXFxceGQ0TFxcXFx4MDBcXFxceDAwXFxcXHgwMFxcXFx4MDBcXFxceDAwXFxcXHgwMFxcXFx4MDBcXFxceDAwXFxcXHgwMFxcXFx4MDBcXFxceDAwXFxcXHgwMFxcXFx4MGJcXFxceDAwXFxcXHgwMFxcXFx4MDBjb250ZW50LnhtbFxcXFx4ZWRcXFxcXFxcXFxcXFx4Y2JyXFxcXHhkYjZcXFxceDE0XFxcXHhkZFxcXFx4ZjcrNFxcXFx4ZWFMVyUpUlxcXFx4OTJcXFxceGY1XFxcXHhhOFxcXFx4ZWQ0TVxcXFwnXFxcXHg4YlxcXFx4YzRcXFxceGM5XFxcIk47XFxcXHhkZHkgXFxcXHgwMlxcXFx4OTRcXFxceDkwXFxcXHg4MFxcXFx4MDRcXFxceDBiXFxcXHg4MFxcXFx4YTJcXFxceGZkXFxcXHgwNVl1XFxcXHhkOT9QZlxcXFx4YmFcXFxceGVhdFxcXFx4ZDVcXFxceGU5XFxcXHhhYVxcXFx4ZGZcXFxceGEyTylAXFxcXHg4YVxcXFx4MTQlSzJpXFxcXHg5YnBcXFxceGVjcmNcXFxceDhmXFxcXHg4OFxcXFx4ZmI4XFxcXHhiOFxcXFx4YjhcXFxceDhmQ1xcXFx4ZDJcXFxceGYyXFxcXHhmMVxcXFx4YjNLXFxcXHg5ZlxcXFx4YjRcXFxceGU2XFxcXHg4OHFMXFxcXHg4M1xcXFx4OTNcXFxceGI2bXZcXFxceGRhLVxcXFx4MTRcXFxceGI4XFxcXHgxNFxcXFx4ZTJgelxcXFx4ZDJcXFxceGZlXFxcXHhlOVxcXFx4ZmRLY1xcXFx4ZDh+dlxcXFx4ZmFcXFxceGQ1MVxcXFx4ZjU8XFxcXHhlY1xcXFx4YTIxXFxcXHhhNG5cXFxceGU0XFxcXHhhM0BcXFxceDE4LlxcXFxyXFxcXHg4NFxcXFx4ZmNcXFxceGRkXFxcXHg5MlxcXFx4ZGFcXFxceDAxXFxcXHgxZlxcXFx4YTdcXFxceGFiXFxcXCdcXFxceGVkXFxcXHg4OFxcXFx4MDVjXFxcXG44XFxcXHhlNlxcXFx4ZTNcXFxceDAwXFxcXHhmOFxcXFx4ODhcXFxceDhmXFxcXHg4NTtcXFxceGE2IVxcXFxuMlxcXFx4YWRxUXpcXFxceDljXFxcXHhmOEpcXFxceGFmcHFFSlxcXFx4YWJcXFxcJ1xcXFx4YzJFbVxcXFx4ODEuRVllJVxcXFx4YmJcXFxceGExXFxcXHgwYiZcXFxceGU1PVxcXFwnXFxcXHhjMkVtXFxcXHhjOEBcXFxcXFxcXFZZXFxcXHhjOVxcXFx4Y2FcXFxceGEwXFxcXHgxNlxcXFx4ZDU9WlZcXFxceGY5XFxcXHg5MlxcXFx4MTNcXFxceGMzXFxcXHhhMzJcXFxceGVhflxcXFx4MDhcXFxceDA0XFxcXHhkZUJxSXBcXFxceGYwXFxcXHhmMVxcXFx4YTQ9XFxcXHgxM1xcXCJcXFxceDFjW1ZcXFxceDFjXFxcXHhjN2ZcXFxceGRjNSlcXFxceDliWlxcXFx4ZjZoNFxcXFx4YjJcXFxceDkyXFxcXHhkNVxcXFx4MWNcXFxceGIwXFxcXHg5YlxcXFx4Y2JcXFxceDg1XFxcXHgxMSNcXFxceDg5XFxcXHgxNHQtRFxcXFx4OTByXFxcXHhjNi1cXFxceGRiXFxcXHhiNFxcXFx4YWRMXFxcXHhkNkdcXFxceDAyXFxcXHg5NFxcXFx4YzVcXFxceGE3ZFxcXFx4OGJcXFxceDkwXFxcXHg4MlxcXFx4YzhcXFxceDlmIFY6NEBcXFxceDgwa1xcXFx4YTdcXFxceDFhMlxcXFx4YzRcXFxceGE1XFxcXHg4OFxcXFx4ZGNcXFxceGFlSlxcXFx4Y2NyXFxcXHg4NlxcXFx4OGE6XFxcXHgxYlxcXFx4Zjk1XFxcXHg5ZlxcXFx4OTZcXFxceGNlXFxcXHhhZVxcXFx4Zjl0T1xcXFx4OThcXFxceGRkXFxcXHgxOWBcXFxceGE1XFxcXHhmMyxcXFxceDExXFxcXHhkZUxcXFxceDk1LixcXFxceDlmKl1YXFxcXHhkNFxcXFx4ZjVcXFxceDgxXFxcXHg5OFxcXFx4ZWQ5XFxcXHhkZlxcXFx4YTFcXFxceGY1Ri4mP1xcXFx4ZGVcXFxceDljXFxcXHhhZFxcXFx4ZjNcXFxceDhhXFxcXHhmOWV9KVxcXFx4ZDlcXFxceDhkUFxcXFx4YjlcXFxceDBjXFxcXHg4N1xcXFx4YTVcXFxceGI3XFxcXHg5OUpcXFxceDE3XFxcXHhmNSlcXFxceGE1OVRcXFxceGE1XFxcXHg5MFxcXFx4MTZ7XFxcXHgwMlxcXFx4ZDdcXFxceGU5dHpWXFxcXHhmYVxcXFx4YjkgXFxcXHgxZFxcXFx4MWZcXFxceDE0XFxcXHg4ZlxcXFx4MTlcXFxceDE2XFxcXHg4OFxcXFx4MTVcXFxceGM0XFxcXHhkZFxcXFx4ODNcXFxceGUyLiBuXFxcXHgxZXFcXFxceGVhXFxcXHhlZlxcXFxuXFxcXHg5YVxcXFx4OTRcXFxceGIzLSlhXFxcXHhhMFxcXFx4YjlKXFxcXHhmOVxcXFx4YmNcXFxceDg4VCBcXFxceGY4XFxcXHgxZVxcXFx4MDVcXFxceGM3SlxcXFx4OTdzYVxcXFx4MGVcXFxceGY3XFxcXHg5YVxcXFx4ZmVcXFxceGU1XFxcXHhjZFxcXFx4ZDlcXFxceGI5O0M+WFxcXFx4MGJcXFxceGUzXFxcXHg5YlxcXFx4ODVcXFxcclxcXFx4MWNwXFxcXHgwMVxcXFx4ODJ1ZFxcXFx4OTg6XFxcXHg4NFxcXFx4YmQ7XFxcXHhlZFtcXFxceDBjXFxcXHg4NVxcXFx4OTRcXFxceDg5PDBeXFxcXHhmOVxcXFx4ZTYrT1xcXFx4Y2JcXFxceGM5XFxcXHhiMVxcXFx4Y2RcXFxceDg0T1xcXFx4ZjZcXFxceGI3XFxcXHgwZVxcXFx4YjVcXFxceDlhXFxcXHg4OU5cXFxceDE5XFxcXHg4NDtFJVxcXFx4OWNcXFxceGFlJVxcXFx4ZGJcXFxceDg4LGJjXFxcXHg4ZVFcXFxceGZjXFxcXHhmNUZvPVxcXFx4OWNcXFxceDBmIytcXFxceDExKlxcXFx4ZjZcXFxceGQzXFxcXHg4M1xcXFxudlxcXFx4YzdSMnlJXFxcXHhjYVxcXFx4ZTNeN1xcXFx4N2Y2XFxcXHhjZFxcXFx4ZTdcXFxceDkzR1xcXFx4YTNcXFxceDAwXFxcXHhhNm0gXFxcXHJcXFxceDA2XFxcXHhiYVxcXFx4MGNcXFxceDExXFxcXHhjM2pcXFxcdFxcXFx4OTBEbVxcXFx4YmNhXFxcXHhhMVxcXFx4OThcXFxceGMxXFxcXHg4NFxcXFx4ZGVcXFxceGMyXFxcXHhlNGpcXFxceGE2XFxcXHgxNSxsNHpcXFxceDhjSFZcXFxceGZkXFxcXHhmOVxcXFx4OTZ2XFxcXHg5YVxcXFx4YTFcXFxceGQ0XFxcXHhmMFxcXFx4YjlMXFxcXHgwNlxcXFx4OTlcXFxceGY0NFxcXFx4MWNcXFxceDE3XFxcXHhiNDdcXFxceGU3XFxcXHgwNlxcXFx4ZjMvXFxcXHhjYlxcXFx4OTlTXFxcXHg4OU5cXFxceGExXFxcXHhiN21xXFxcXHhhYlxcXFx4ZThdXFxcXHhjZVxcXFx4YmJiXFxcXHhkN1xcXFx4ZDlcXFxceGJlXFxcXHg3ZmdcXFxceGE5NUNcXFxceDhkTTlcXFxceDE4VlxcXFx4OWVcXFxcbnRcXFxceGMxaVxcXFx4OWZmXFxcXHhkYyBcXFxceGVkXFxcXHgwNVxcXFx4ZGNcXFxceGNhL3hcXFxceDkyI1xcXFx4MThcXFxceDFlcFxcXFx4OTFcXFxceDAxXFxcXHg5MUtcXFxceGY4XFxcXHhlOXFcXFxceGRhXFxcXHhlM1xcXFx4ZjNcXFxceGNiXFxcXHhhZFxcXFx4ZjRcXFxceGIzXFxcXHhjMn1cXFxceGQyPlxcXFx4YzNyYCRcXFxceGUxbVxcXFx4OWRcXFxceDgzQFZcXFxceDlhbFxcXFx4YzRcXFxceDk5XFxcXHhhOFxcXFx4OGZcXFxceGM5XFxcXHhkNUlcXFxceGZiXFxcXHgxYlxcXFx4MTBSXFxcXHhmZVxcXFx4ZGRcXFxceDk2XFxcXFxcXFx6XFxcXHhiMVxcXFx4ZGRcXFxceGRhMFxcXFx4YWRcXFxceGU0XFxcXHg4ZClcXFxcbmQgZFxcXFx4YmJcXFxceGUwMVxcXFx4ZTZ8Q1xcXCJcXFxceGM0XFxcXHhjMlxcXFx4OTVcXFxccnVcXFxceDBlXFxcXHgxOE5cXFxceGIyXFxcXHhjZjpcXFxceDBjXFxcXHhlZEdcXFxceGY0XFxcXHgwMVxcXFx4ZmNcXFxceDFjXFxcXHgxZFxcXFx4ODZVXFxcXHg5MClcXFxceDAzXFxcXHhlOVxcXFx4OGFcXFxceDBiXFxcXHhlNFxcXFx4ZGZcXFxceDA1XFxcXHhkM0tcXFxceDg2XFxcXHhkMFxcXFx4MWVAXFxcXHg4NVxcXFx4YTU6XFxcXHgxMVxcXFx4YmNcXFxceGE1XFxcXHg4MiZcXFxceGZibVxcXFx4YmR4XFxcXHhmNVxcXFx4YmF1XFxcXHhmZVxcXFx4YTJcXFxceGY1XFxcXHgwZU0jXFxcXHgwMlxcXFx4ZDhcXFxceGRlXFxcXHgxMFxcXFx4ZWRTXFxcXHhiOFxcXFx4Yjd4WVxcXFx4ZmJcXFxceGYybnVcXFxceDFkRFxcXFx4ODJcXFxceGNhUVxcXFx4OGFdI1xcXFx4YjFcXFxceDkzXFxcXCdkXFxcXHhmMnNjby5cXFxceGI1c2dcXFxceGFiPSR9SjJcXFxceDAzXFxcXHgxMlxcXFx4ZjlBO1xcXFx4ZDMsXjRCWV9cXFxceDg4XFxcXHRcXFxceDhjeFxcXFx4Y2JcXFxceGEzXFxcXHhlM1xcXFx0Q1xcXFx4ZTBcXFxceGEzMUFcXFxceGIyXFxcXHhkNFxcXFx4YTRBXFxcXHhlNTpcXFxceGIzXFxcXHhiOFxcXFx4MTJcXFxceDhmMVRTXFxcXHhkZFxcXFx4MWVcXFxceDk5RyNcXFxceGRmT1xcXFx4ZjBcXFxceDE3XFxcXHhlMFxcXFx4MWNcXFxceGMyXFxcXHhlNlxcXFx4ZThcXFxceGMyXFxcXHhlNlxcXFx4ZjRcXFxceGNjTlxcXFx4YWZcXFxceDFhXFxcXHhiNlxcXFx4YWVcXFxceGM2XFxcXHhiOFxcXFx4ZjVcXFxceDljalxcXFx4ZDh6XFxcXHgxYVxcXFx4ZTNcXFxceGQ2XFxcXHhhZnhcXFxceGE2fV1cXFxceGQ4XFxcXHhiYT1cXFxceGYzXFxcXHhlOFxcXFx4YThcXFxceDFhXFxcXHhiNiNtZ1xcXFx4ZGFcXFxceGFkfFxcXFx4YTZcXFxceDAzbVxcXFx4ZDhsczBcXFxceGFjXFxcXHg4Nm1cXFxceGE4LVxcXFx4ZGY6XFxcXHhhNlxcXFx4ZDNcXFxceGFkXFxcXHg4Nm1cXFxceGE0XFxcXHJcXFxceDliY1xcXFx4ZGFcXFxceDE1e1xcXFx4ODhcXFxceGRkXFxcXHhkMXZcXFxceGE4XFxcXHg4ZTlcXFxceGFjeFxcXFx4YThcXFxceGI2XFxcXHhjZVxcXFx4YzlQOXJcXFxceGRhRlxcXFx4ODNcXFxceGRkXFxcXHhhYlxcXFx4OWNyXFxcXHhiNlxcXFx4YjZcXFxceGQ5XFxcXHhkMFxcXFx4MWJcXFxceDk4XFxcXHg4M1xcXFx4YWFcXFxceGUwXFxcXHhiNFxcXFxyXFxcXHgwN1xcXFx4ZDlcXFxceDgwbVxcXFx4YmJcXFwiOG1cXFxceGQzXFxcXHhjMVxcXFx4ZTlcXFxceDliXFxcXHhhM35FcFxcXFx4ZmFcXFxceGM2Q1xcXFx4ZGZcXFxceGVjVFxcXFx4MWNdXFxcXHhiNlxcXFx4YjZcXFxceGY5XFxcXHhlMFxcXFx4MWNcXFxceDk5XFxcXHhiZFxcXFx4OGEzXFxcXHhkZlxcXFx4ZDY3IHpcXFxceGU2XFxcXHhiMFxcXFx4ZWFcXFxceGIxalxcXFx4OWJcXFxceDEwclxcXFx4ZWFXZlxcXFx4YzBcXFxceGRhJlxcXFx4ODRcXFxceGQzNStcXFxceDA2XFxcXHhjZVxcXFx4ZDE2IGRcXFxceGIxVlxcXFx4MWRcXFxceDEwXFxcXHg4ZVxcXFx4Y2VcXFxceDAxXFxcXHhkMVxcXFx4YWZcXFxceGM4XFxcXHhlNVxcXFx4MWNtXFxcXHgwM0JcXFxceDkyXFxcXHg5Mn5cXFxceGE1XFxcXHhiOVxcXFx4Y2ZcXFxceGY2XFxcXHhkZFxcXFx4MTAyXFxcXHgxYW9cXFxceDAxXFxcXHg5M1dcXFxceDhhXFxcXHhhOFxcXFx4ZDIldXFcXFxceDg2XFxcXHhmMHQmXFxcXHhlNHRKXFxcXHgwM3NcXFxceDE4b1xcXFx4YzRcXFxceDkxQUNcXFxceDgxfUBcXFxceDhjXFxcXHhhMlxcXFx4YjJgXFxcXHgxMSpcXFxceDBmW1xcXFx4ODBcXFxceGRkXFxcXHhiMFxcXFx4YjNcXFxceDhiPlxcXFx4OTBcXFxceGY3XFxcXHhkNVxcXFx4Y2NcXFxceDA4XFxcXHhjMVxcXFx4MTRcXFxceDE5XFxcXHhkOVxcXFx4YjNcXFxceDBlXFxcXHgwZkREbFxcXFx4ZWRcXFxceGE5XFxcXHhiMFxcXFx4OWZcXFxceGY0XFxcXHgxZFxcXFx4MDhcXFxceGM0PCRcXFxceGUwalxcXFx4ODVnZU09XFxcXHhhYlxcXFx4YzVcXFxceGMxXFxcXHhkNFxcXFx4ZjApXFxcXHg5NFxcXFx4OTZcXFxceDA4M1xcXFx4YzRcXFxceGU0OlxcXFx4ZDRcXFxceGY0XFxcXHhjZEBcXFxceGYyXFxcXHgxZVxcXFx4YzZcXFxceGI4XFxcXHgwZVxcXFx4ZjhcXFxceGFkXFxcXHhkZFxcXFx4ZTlcXFxceGI0N1xcXFx4ODVWb1xcXFx4OWFcXFxceDk0XFxcXHhhMWtcXFxceGJhXFxcXHgwN1xcXFx4YjJcXFxcdFxcXFx4ZWQrQ0RIXFxcXHhiNlxcXFx4MTJcXFxceDAyXFxcXHhhNlxcXFx4ZGVlJVxcXFx4MWZcXFxceGI2XFxcXHhmNlxcXFx4YmZcXFxceDkySFxcXFx4MWVqXFxcXHgxNlxcXFx4ZDdcXFxceDEzXFxcXHg4MFxcXFx4ODVnXFxcXHJcXFxceGQ3XFxcXHg5ZilcXFxceGFjXFxcXHgxNiZcXFxceDE0XlxcXFx4YWRcXFxceDFmXFxcXHg4ZFxcXFx4ODVcXFxceGYyXFxcXHhhMCFcXFxceDlmISROXFxcXHg4ZlxcXFx4ZDNcXFxceDA4XFxcXHhhYVxcXFx4MDdcXFxceDhmXFxcXHgxMUlcXFxceDFlZFxcXFx4MTlcXFxceDFjXFxcXHRcXFxceDE1XFxcXHhiOCxcXFxceGI4a1xcXFx4OWJcXFxceDFlXFxcXHgwZVxcXFx4YTBBXFxcXHhjMFxcXFx4MDRcXFxceDExflxcXFx4ZDJcXFxceGY2XFxcXHgwMFxcXFx4ZTFcXFxceGM5XFxcXHhkOVxcXFx4YTdSXFxcXHhjOVxcXFx4Y2ZcXFxceDk1RlxcXFx4OGFcXFxceGVkXFxcXFxcXFxcXFxceGQ5XFxcXHg5N1xcXFx4ZGJOXFxcXHhhZlxcXFx4MTVRXFxcXHhhYjxcXFxceGQ4XFxcXHhkMFtcXFxceDk1XFxcXHhjZlxcXFx4MGVcXFxceGQxXFxcXHhlNFxcXFx4ZDFcXFxceGM3XFxcXHhlYVxcXFx4OTBcXFxceGQzWCQhXFxcXHhkYlxcXFx4MTkkXFxcXHhhYlxcXFx4YjRNXFxcXHhhN1xcXFx4MDZcXFxceDliXFxcXHhkZFxcXFx4MWFsXFxcXHhmNmpcXFxceGIwXFxcXHhkOVxcXFx4YmZcXFxceGQxXFxcXHhhNkpcXFxceGQ2XFxcXHhmMlxcXFx4ZjZcXFxceDhlalxcXFx4YzA4XFxcXHhhOFxcXFx4YzFcXFxceGU2XFxcXHhmMFxcXFx4OWVcXFxceGY3PVxcXFx4YWFcXFxceDAxXFxcXHhhM1xcXFx4YmFcXFxceGQ1XFxcXHhiY1xcXFx4N2ZcXFxceGEzdVRcXFxceDkwXUdcXFxcdFxcXFx4ZDl1XFxcXHhkNFxcXFx4OTBdR1xcXFx4MTFcXFxceGQ5N1dcXFxceGQxLVxcXFx4OGNcXFxceGQ2UUp2XFxcXHgxZFxcXFx4YjVkXFxcXHhkZlxcXFxcXFxcTFxcXFx4YjcwWkdFOXVUVC1Aa1xcXFx4OTlzXFxcXHhiN1xcXFx4YWVSSVxcXFx4ZjJ2WFRcXFxceGJjc1xcXFx4Y2JcXFxceGI5XFxcXHhiNFxcXFx4OTdcXFxceGJmXFxcXHg4N1xcXFx4MDMkQlxcXFx4ODZcXFxceGI4XFxcXG5cXFxceGE1JFxcXFx4MTdMUlxcXFx4ODh2K3tcXFxceGExXFxcXHhiOWNNXFxcXHgxYVIrXFxcXHhlMVxcXFx4YTlcXFxceDg3XFxcXHgxOVxcXFx4MTdcXFxceDE3XFxcXHhjYVxcXFx4YzNcXFxceGIxXFxcXHhiNVxcXFx4YmF0bG07XFxcXHhiOVxcXFx4N2ZcXFxceGI3PlxcXFx4ODZcXFxceDkwIFxcXFx4ZmR+XFxcXHR4XFxcXHg5MFxcXFx4ZGRSMUNcXFxceGVjXFxcXHgxNn5cXFxceGFmZ0FOSlxcXFx4ZWZcXFxceDA4SVxcXFx4YjJZdEFcXFxceGJkXFxcXHgwYlxcXFx4MDBcXFxceGExXFxcXHg4ZlxcXFx4Yjl6XFxcXHg4NVxcXFx4YWI1XFxcIlxcXFx4OGNcXFxceDEyclxcXFx4MTFQXFxcXHhhZD5cXFxceGE3XFxcXHhhY1xcXFx4YjJcXFxceGM3XFxcXHgxYVxcXFx4ZTNPXFxcXCdaNz8hXFxcXHg5NFxcXFx4YzJcXFxceDhiKVxcXFx4YTNRXFxcXHhhOFxcXFx4ZDVcXFxceGFmXFxcXHhhYm4rXFxcXHhiNXpcXFxceDBjXFxcXHg5MlxcXFx4MWIpQFxcXFx4YjBcXFxceGI4XFxcXHhkMlxcXFx4OWJcXFxceGQyXFxcXHg4OFxcXFx4ZTBcXFxceGE5XFxcXHhlZTpyXFxcXHhhOVxcXFx4ZWZHXFxcXHgwMXZcXFxceDkzPVxcXFx4YWJiZlxcXFx4ODhzXFxcXHhhZFxcXFx4MDhCXFxcXHhjNHxcXFxceDEwXFxcXHhjOHtcXFxceGU3XFxcXHgwN1xcXFx4ZjFcXFxceDBlXFxcXHhlMFxcXFx4MGNUL1xcXFx4ZWI7OlxcXFx4OWRcXFxceGQxXFxcXHg4OD9cXFxceGM4XFxcXHgwMFxcXFx4MTE0XFxcXHg5OEZ6PVxcXFx4ZjNcXFxceDEwXFxcXHhiOVxcXFx4MThcXFxceDkwXFxcXHg4Yl8jIFxcXFx4ODBcXFxceGRldlxcXFx4OGRcXFxceDAyXFxcXHg4OFxcXFx4OThcXFxceGRlXFxcXHhjZFxcXFx4OGFcXFxceDA4XFxcXHhhYUxWXFxcXHhhYlxcXFx4OWFcXFxceGNmd1xcXFx4ODJcXFxceDg5XFxcXHhlNlxcXFx4ODNdXFxcXHhlZFxcXFx4ZDVcXFxceDk1XFxcXHg5NEhvXFxcXHhjZHJcXFxceGU0XFxcXHg4YVxcXFx4OWJcXFxceGZhXFxcXHhlNFxcXFx4YzYlXFxcXHhjOVxcXFx4ODdcXFxceDFmXFxcXHg4ZSBcXFxceGJmXFxcXHgwMlxcXFxcXFxcc09cXFxceDA3XFxcXHg5MFxcXFx4ODNcXFxceDE4anVcXFxceGY5XFxcXHg4YVxcXFx4MDZIb1xcXFx4MTIsXFxcXHgxN1xcXFx4N2YsXFxcXHgxN1xcXFx4N2YuXFxcXHgxN1xcXFx4ZmYsP1xcXFx4ZmZcXFxceGI2XFxcXFxcXFwsXFxcXHg5NlxcXFx4OWY/aXVcXFxceGRmXFxcXHhlOVlcXFxceDFkXFxcXHhjN1xcXFx4ZWFcXFxceGY0XFxcXHhlZVxcXFx4ZWNcXFxceGQ0I1xcXFx4MTRsXFxcXHhiMUFcXFxceGY1XFxcXHhiN1xcXFx4MDRcXFxceGJiUVxcXFx4YTRcXFxceGMyOVxcXFx4MDhcXFxceGRiXFxcXHhhOVxcXFx4YzlcXFxceGJkXVxcXFx4Y2VcXFxceGJkXFxcXHhhZDdcXFxceGU0fVxcXFx4MTlva1xcXFx4ZDRcXFxceGQ3XFxcXHhkYmtAS1xcXFx4YWI/XFxcXHgwZnlcXFxceDFjXFxcXHhlOFxcXFx4YWRdXFxcXHhkOStiXFxcXHhiZFxcXFx4OTNcXFxceGQ5XFxcXHg4M1xcXFx4ODBcXFxceGMzWFxcXFx4YWJcXFxceGNiXFxcXHhlNzBcXFxceDg2XFxcXHhkMlxcXFx4YTdsXFxcXHg4ZFxcXFx4ZjBbXFxcXHhhOHZcXFxceDBjXFxcXHhlN1xcXFx4YWR0XFxcXHg4ZFtcXFxceGE3RlxcXFx4ZWZcXFxceGVldVxcXFxcXFxcXFxcXHhmMVxcXFx4OWVcXFxceGM2XFxcXHgwNVxcXFxuXFxcXHg4Y1xcXFx4MGJcXFxceGRjXFxcXHhmYlxcXFx4MDhcXFxceGM0XFxcXHg5ZVxcXFx4MWVcXFxceGQyXFxcXHhlZFxcXFx4ZjVcXFxceDhmXFxcXHg4NlxcXFx4ODNRXFxcXHhhN3Q3WStoXFxcXHg5ZVdcXFxceGYybFxcXFx4ZjRmIFxcXFx4ODBeLFxcXFx4ZDNcXFxceGUwXFxcXHg4OVxcXFx4ZDdcXFxceDk5XFxcXG5cXFxceGFjZlxcXFx4OGZcXFxceGVhJGV1XFxcXHhkN1xcXFx4OTlcXFxceGQyXFxcXHg4M1xcXFx4ZTFcXFxceGE4UyFcXFxceGExXFxcXHg5NVxcXFx4YjhcXFxceGQ2XFxcXHgxOFxcXFx4ZjRcXFxceGM1TG9reyREXFxcXHhmOFxcXFx4YjlcXFxceGJjXFxcXHgxZFxcXFx4ZDNcXFxceDFhXFxcXHgxOFxcXFx4ZDVcXFxceGU3XFxcXHhmOVxcXFx4ZmNcXFxceDFlXFxcXHg5MlxcXFx4ZjFcXFxceGNiZlxcXFx4YzIuXFxcXHg4Zl1cXFxceGNkXFxcXHg5YmxcXFxceGQ4XFxcXHhlZlxcXFx4ZmZcXFxceDg1XFxcXHhmZDZcXFxceGU0XFxcXHhmN1xcXFx0XFxcXHg5MF9cXFxceGIwJlxcXFx4YmZcXFxceGFkXFxcXHg4NlxcXFx4ZmM2XFxcXHhlNFxcXFx4YjchXFxcXHhiZlxcXFxyXFxcXHhmOX1cXFwiXFxcXHhlNFxcXFx4ZjdcXFxceDg3R0N+XFxcXHgwM1xcXFx4YmRcXFxceGU0d1xcXFx4YjlcXFxceGY4a1xcXFx4YjlcXFxceGY4d1xcXFx4YjlcXFxceGY4fVxcXFx4ZjlcXFxceGY5XFxcXHhkM3JcXFxceGYxXFxcXHhiN1ZcXFxceGRmXFxcXHhlNz5cXFxceGQ2XFxcXHg5Y1xcXFx4MDZcXFxcclxcXFx4MDduOHBcXFxceGMzXFxcXHg4MVxcXFx4MWZcXFxceGNkbG44cFxcXFx4YzNcXFxceDgxXFxcXHgxYlxcXFx4MGVcXFxceGRjcFxcXFx4ZTBcXFxceGE3XFxcXHhjOVxcXFx4ODFcXFxceDA3XFxcXHhjZFxcXFx4MDNcXFxceGUwXFxcXHg5ZDhfMlxcXFx4ZTBcXFxceDdmXFxcXHhkNFxcXFx4MWFcXFxceDk5XFxcXHgwZlxcXFx4ZWFcXFxceGRmXFxcXHgxOGlcXFxceGY1eFxcXFx4MDZcXFxceGZjXFxcXHgxMDBcXFxceGJkXFxcXHhmM1xcXFx4YmIhXFxcXHhiZlxcXFx4OGZcXFxceDgyXFxcXHhmY14vXFxcXHhiM1xcXFx4ZmJcXFxceGZhW1xcXFx4ZTBcXFxceDhjXFxcXHgxN1xcXFx4N2ZcXFxceGRmXFxcXHgxMFxcXFx4ZTNHPlxcXFx4YjBcXFxceDFiYlxcXFx4ZGNcXFxceDEwXFxcXHhlM1xcXFx4ODZcXFxceDE4N1xcXFx4YzRcXFxceGY4aVxcXFx4MTJcXFxceGUzXFxcXHhlMVxcXFx4MTdOXFxcXHg4Y1xcXFx4OGJXMjRqUkNcXFxceDAzXVxcXFx4YWFcXFxceDdmXFxcXHgwN1xcXFx4YWNcXFxceGJlXFxcXHhlNVxcXFx4YzRcXFxceDBiX1xcXFx4ZDhcXFxceGRmXFxcXHhmOCp+djFcXFxceGZkXFxcXHhiMn5cXFxceGY2aVxcXFx4ZmJcXFxceDlmXFxcXFxcXFxcXFxceDlmXFxcXHhmZVxcXFx4MDdQS1xcXFx4MDdcXFxceDA4MlxcXFx4OTdcXFxceGMxXFxcXHhhMVxcXFx4YWZcXFxceDA3XFxcXHgwMFxcXFx4MDAlW1xcXFx4MDBcXFxceDAwUEtcXFxceDAzXFxcXHgwNFxcXFx4MTRcXFxceDAwXFxcXHgwOFxcXFx4MDhcXFxceDA4XFxcXHgwMFxcXFx4YTBcXFxcXFxcXFxcXFx4ZDRMXFxcXHgwMFxcXFx4MDBcXFxceDAwXFxcXHgwMFxcXFx4MDBcXFxceDAwXFxcXHgwMFxcXFx4MDBcXFxceDAwXFxcXHgwMFxcXFx4MDBcXFxceDAwXFxcXHgwOFxcXFx4MDBcXFxceDAwXFxcXHgwMG1ldGEueG1sXFxcXHg4ZFxcXFx4OTNcXFxceGNiblxcXFx4ZGIwXFxcXHgxMEVcXFxceGY3XFxcXHhmZFxcXFxuXFxcXHg4MVxcXFx4YzlWXFxcIilZL0JWXFxcXHg4MC5cXFxceGJhXFxcXG5cXFxceGQwXFxcXHgwMnVcXFxceDgxXFxcXHhlZVxcXFx4MGNcXFxceDk5XFxcXHg5YzhMKVxcXFx4ZDIgXFxcXHhhOVxcXFx4YzhcXFxceGZkXFxcXHhmYlxcXFx4ZWFcXFxceGU5OlxcXFx4ODlcXFxceDE3WVxcXFx4ZWFcXFxceGYyXFxcXHhkY1xcXFx4OTk7Q1xcXFx4YWF6OFxcXFx4YjcqeFxcXFx4MDVcXFxceGViXFxcXHhhNFxcXFx4ZDFbRCNcXFxceDgyXFxcXHgwMlxcXFx4ZDBcXFxceGRjXFxcXHgwOFxcXFx4YTlcXFxceDhmW1xcXFx4ZjRrXFxcXHhmNy0sXFxcXHhkMENcXFxceGZkXFxcXHhhNTJPT1xcXFx4OTJcXFxceDAzXFxcXHgxM1xcXFx4ODZ3LWhcXFxceDFmXFxcXHhiNlxcXFx4ZTBcXFxceDliYFxcXFx4YjBqXFxcXHhjN1xcXFx4ZTZcXFxceGEzLVxcXFx4ZWFcXFxceGFjZlxcXFx4YTZxXFxcXHhkMjFcXFxceGRkXFxcXHhiNFxcXFx4ZTBcXFxceDk4XFxcXHhlN1xcXFx4Y2NcXFxceDljQFxcXFx4YWZcXFxceDE2dk1cXFxceGIzXFxcXHhhOVxcXFx4ZDFcXFxceGFjXFxcXHg5Y1xcXFx4OTVcXFxceGQ0XFxcXHg3ZlxcXFx4YjZcXFxceGU4XFxcXHhkOVxcXFx4ZmJcXFxceDEzXFxcXHhjM1xcXFx4YjhcXFxceGVmXFxcXHhmYlxcXFx4YThPXFxcImNcXFxceDhmXFxcXHg5OFxcXFx4OTZlXFxcXHg4OVxcXFx4YTdcXFxceGQzXFxcXHgxNVxcXFx4MTVcXFxceGZjXFxcXHhjMlxcXFx4OWQ6XFxcXHhhYiZKcFxcXFx4MGNcXFxcblxcXFx4YzZcXFxceDBlXFxcXHgwZVxcXFx4ZDNcXFxceDg4XFxcXHhlMlxcXFx4OTVcXFxceDFkXFxcXHgxM342XFxcXHhkNFxcXFx4YzheRzJcXFxceGM2XFxcXFxcXFxcXFxceDFhXFxcXHg4ZFxcXFx4ZjhcXFxceDFjempcXFxceDE3XFxcXHgxM1xcXFx4YjJcXFxceGMxXFxcXHhmM1xcXFx4ZjdKXFxcXHgxZlxcXFx4YWRcXFxceDEwXFxcXHhlYVxcXFx4ZDZcXFxceDAwXFxcXHgwM1xcXFx4OWJcXFxceGUwIWFcXFxceGUzXFxcXHg5YlxcXFx4ZjBVQlxcXFx4N2ZcXFxceDg3XFxcXHg4MmVcXFxceGZjXFxcXHhhYlxcXFx4ODVcXFxceGM3XFxcXHhhOF5cXFxceGI3O1xcXFx4YzZcXFxceGE4XFxcXHhhYilcXFxceDBjXFxcXHhiN1xcXFx4ZDBcXFxceGY4XFxcXHg4MVxcXFx4MDhcXFxceDA3M1xcXFx4ZDQxXFxcXHhhMUVIXFxcXHhiMjAmO1xcXFx4OWEzXFxcXHg5MlxcXFx4YjFcXFxceGE0XFxcXHg4Y1xcXFx4OTJcXFxceGJjLFxcXFx4ZDNNXFxcXHg5NlxcXFx4ZDBcXFxcblxcXFx4ZGZwVFxcXFx4ODJcXFxceGIzXFxcXHhkYlxcXFx4ZDZcXFxceGI0XFxcXHg4Y1xcXFx4OGFcXFxceDljZHlcXFxceDllXFxcXHhhNkVcXFxceDg1V2xcXFxceGVlXFxcXG5CXFxcXHhmYVxcXFx4ZTFcXFxceGUyQ1xcXFx4ZDFcXFxceGQ5XFxcXHhhOVZcXFxceGZkY1xcXFx4MTdcXFxceDkzXFxcXHg5ZktcXFxceDgzXFxcXHgwZlxcXFx4ODdvPVxcXFx4ZmMvV1xcXFx4ZTBqXFxcXHhmYVxcXFx4OGVeXFxcXHhlNFxcXFx4OTlcXFxceGJkPFxcXFx4MWZcXFxceGU3XFxcXHg4N1xcXFx4MTJcXFxceGNlS1xcXFx4MWVMXFxcXHhiYW9cXFxceDBlXFxcXG5CbjpcXFxceGVkXFxcXHg4N1xcXFx4OTVcXFxceGEwWVxcXFx4ZTRcXFxceGEwXFxcXHhkNEVcXFxceGEzXFxcXHhlOVxcXFx4YTJcXFxceDlhXFxcXHhjM1xcXFx4MGJwXFxcXHhiZlxcXFx4ZWFcXFxceDA0XFxcXHhlMVxcXFx4YTVcXFxceGY0XFxcXHgxMTRcXFxceDBjXFxcXHhiOVxcXFx4OGNcXFxceGFkXFxcXHgxZlxcXFx4ZTVcXFxceGMxXFxcXHhjMlxcXFx4ZjdpXFxcXHhhMzhcXFxceDhkaFxcXFx4OTRFXFxcXHhmMVxcXFx4ZmRcXFxceGEzXFxcXHhkNFxcXFx4ZGR5XFxcXHhmZlxcXFx4YmJcXFxceGM4XFxcXHhmNlxcXFx4ZDkmXFxcXHhiOFxcXFx4MDJcXFxceGY2XFxcXCdrXFxcXHhjNnpcXFxceDk4XFxcXHg5MlxcXFx4OTZcXFxceGRjXFxcXHg3ZlxcXFx4ZWRcXFxceGE0XFxcXHgxMmFcXFxceGJjTFxcXFx4ZjBcXFxceGJmYlxcXFx4ODVcXFxceGRmXFxcXFxcXFxcXFxceDEwXFxcXHhiZVxcXFx4ZjUzXFxcXHhkNFxcXFx4ZmZcXFxceDAwUEtcXFxceDA3XFxcXHgwODxqXFxcXHgwM0RcXFxceDk4XFxcXHgwMVxcXFx4MDBcXFxceDAwSlxcXFx4MDNcXFxceDAwXFxcXHgwMFBLXFxcXHgwM1xcXFx4MDRcXFxceDE0XFxcXHgwMFxcXFx4MDhcXFxceDA4XFxcXHgwOFxcXFx4MDBcXFxceGEwXFxcXFxcXFxcXFxceGQ0TFxcXFx4MDBcXFxceDAwXFxcXHgwMFxcXFx4MDBcXFxceDAwXFxcXHgwMFxcXFx4MDBcXFxceDAwXFxcXHgwMFxcXFx4MDBcXFxceDAwXFxcXHgwMFxcXFxuXFxcXHgwMFxcXFx4MDBcXFxceDAwc3R5bGVzLnhtbFxcXFx4ZGRZXFxcXHhkYm5cXFxceGRjNlxcXFx4MTB9XFxcXHhlZldcXFxceDA4MlxcXFx4MTAkQGVpXFxcXHhkN05cXFxceGVhXFxcXHhkZHhcXFxceGQ3XFxcXHgwZlxcXFx0XFxcXHg4Ml5cXFxceDkyIHBcXFxceGQyXFxcXHhiZVxcXFx4ZDNcXFxceDEyXFxcXHhhNWVDXFxcXHg4OVxcXFx4MDJJXFxcXHhlZFxcXFx4ZGF5XFxcXHhlY19cXFxceGY1d1xcXFx4ZmElXFxcXHgxZFxcXFx4OTJcXFwiV3crXFxcXHhiNzZIXFxcXHgxMiRcXFxceDExeWZ4eGY4XFxcXHgxY1xcXFx4YzlcXFxceDk3V1xcXFx4Yjc5XFxcXHhmNVxcXFx4ZjZcXFxceDk4XFxcXHgwYlxcXFx4YzJcXFxceDhhXFxcXHg4ZFxcXFx4YmY4XFxcXHg4ZHxcXFxceDBmXFxcXHgxNzFLSFxcXFx4OTFtXFxcXHhmY1xcXFx4ZGZcXFxceGRmXFxcXHhiZFxcXFx4MDguXFxcXHhmY1xcXFx4YWJcXFxceGVkXFxcXHgwZlxcXFx4OTcsTUlcXFxceDhjXFxcXHhkN1xcXFx0XFxcXHg4YlxcXFx4YWJcXFxceDFjXFxcXHgxNzJcXFxceDEwXFxcXHhmMlxcXFx4OGViXFxcXHhlMVxcXFx4ODFxIVxcXFx4ZDZmclxcXFx4ZTNXXFxcXHhiY1gzJFxcXFx4ODhYXFxcXHgxNyhcXFxceGM3Yi1cXFxceGUzNStxYVxcXFx4OGRcXFxceGQ2TVxcXFx4ZjRaL2VGXFxcXHhiNFxcXFx4YjNcXFxceGI5XFxcXHhlNlxcXFx4MWFcXFxceGRjXFxcXHhiNFxcXFx4OTZcXFxceGY4VlxcXFx4Y2U1VlxcXFx4ZDhcXFxceDk2LVxcXFx4YmFcXFxceDk5XFxcXHhiZlxcXFx4YjJcXFxceDA2N1xcXFx4YWRcXFxceDEzXFxcXHg4ZVxcXFx4MGVzXFxcXHg4ZFxcXFx4MTVcXFxceDE2NG1cXFxceDlhXFxcXHhhN2xcXFxceGFlXFxcXHhmMVxcXFx4YWRcXFxceGEwQVxcXFx4Y2FcXFxceDgyXFxcXHg5OFxcXFx4ZTUlXFxcXHg5MlxcXFx4YTRcXFxceGMzXFxcXHhlMlxcXFx4OTZcXFxceDkyXFxcXHhlMlxcXFx4ZmRcXFxceGM2XFxcXHhkZklZXFxcXHhhZVxcXFx4YzNcXFxceGYwcDhcXFxceDljXFxcXHgxZVxcXFx4Y2VOXFxcXHgxOVxcXFx4Y2ZcXFxceGMyXFxcXHhjNWpcXFxceGI1XFxcXG5cXFxceGY1XFxcXHhhYyNcXFxceDFjO1xcXFxcXFxcWXFcXFxceGFhUUlcXFxceDFjYlxcXFx4OGFcXFxceGQ1YlxcXCJcXFxcXFxcXFxcXFx4OWMuQlxcXFx4OGJcXFxceGNkXFxcXHhiMURzXFxcXHhmOSlsXFxcXHg5M1JRXFxcXHhlNTdcXFxceDk4XFxcXHhjZlxcXFx4OTZcXFxceDA2SVxcXFx4ZDRcXFxceDhialxcXFx4YzlcXFxceGIxXFxcXHgwMFxcXFx4MDhsV1xcXFx4ZTVcXFxceGU1PEdNXFxcXHg5YlZ+XFxcXHhlZFxcXFx4YjNcXFxceGQ5XFxcXHhkOVxcXFx4YjVcXFxceGNmRmRcXFxceDhld1xcXFx4ODhcXFxceGNmXFxcXHhjZTNcXFxccm5cXFxceGE3XFxcXHhjYVkyP1VcXFxceGNlXFxcXHg5MlxcXFx4YTZtXFxcXHg4ZVxcXFx4ZTRuJFxcXFx4YmVcXFxceDE3XFxcXHhlMStcXFxceDk4XFxcXHhkNFxcXFx4N2ZcXFxceGJkenlcXFxceGNjK1xcXFx4OWVcXFxceGNmXUthW1JcXFxceGM1XFxcXHg5Y1xcXFx4OTRcXFxceGIzXFxcXHhiN2lcXFxceGQwTXtcXFxceGM2XFxcXHg5OFxcXFx4YTNcXFxceGFhXFxcXHgwY1xcXFx4Y2NhXFxcXHhkN3RcXFxceDk3UXRcXFxceDFlXFxcXHg5YVxcXFx4ZTdcXFxceDA2XFxcXHhmYTBcXFxcdD9wXFxcIjFvXFxcXHhjMFxcXFx4ZTNJeFxcXFx4OGNoXFxcXHhlY1xcXFx4MTRnXFxcXHhmOVxcXFx4OTBoXFxcXHg4MFtcXFxceDg0XFxcXHg4MFxcXFx4MDhcXFxceGYwXlxcXFx4YTVcXFxceGJjRXNcXFxceGI1XFxcXHhlOVFcXFxceGNmXFxcXHg4ZkNcXFxceDhlS1xcXFx4YzZcXFxceGE1I1xcXFx4OTJcXFxceGNlL3ZcXFxceGEwXFxcXHhjZVxcXFx4ZDJcXFxceDFkXFxcXHhkNVxcXFx4OWRcXFxceGNjXFxcXHhlOVxcXFx4ZjhRVVxcXFx4YjNcXFxceDE2XFxcXHg5YVxcXFx4ZjEkXFxcXHgxOVxcXFx4ODRcXFxceDAyXFxcXHg5ZFxcXFx4YjNcXFxceDEwXFxcXHg4ZS1cXFxceDFjXFxcXHg5YWBPXFxcXHhmMFxcXFx4ZTFcXFxceGE0VVxcXFx4Y2JcXFxceGE2XFxcXHhmNV9cXFxceDg1XFxcXHgxYVxcXFx4ZDRcXFxceGFjX1xcXFx4OTNcXFxceDA2XFxcXHg4YihUXFxcXHgxOHdcXFxceDA0QFxcXFx4ZGVjXFxcXHhiMVxcXFx4ZTVcXFxceDk5XFxcXHhiYlxcXFx4MGVSVlxcXFx4MTVcXFxceDg5OXZGXFxcXHgwY3xbYk5cXFxceGQ0XFxcXHgxNFxcXFx4YTJcXFxceGRhbFxcXFx4ZGRcXFxceGYyXFxcXHhkMFxcXFx4Y2NcXFxceDE4XFxcXHhjYT5cXFxceGMxZX1cXFxceDg3NDxcXFxceGI0XFxcXG4rXFxcXHhjMVxcXFx4ZDRcXFxceDllNlxcXFx4YjdcXFxceGE1QTdcXFxceDhjXFxcXHgwNVxcXFx4YjlcXFxceDA4SFxcXFx4MDFJXFxcXHhjNlxcXFx4Y2F1XFxcXHhjM1xcXFx4YmF1XFxcXHhmMlxcXFx4ODU4XFxcXHg5M0NcXFxceGExeHdcXFxceDFkXFxcXHhhYVxcXFx4YjlAXFxcXHhkZCpQN1xcXFx4ZWJ1XFxcXHgxYVxcXFx4OTdcXFxceGU5XFxcXHhkMlxcXFx4ZGZcXFxceGRhXFxcXHg5YjNlcGtcXFxceGE2KFxcXFx4YzZBXFxcXHg4MmMqXFxcXHhiNlxcXFx4OTdcXFxceGE2XFxcXHhlMlxcXFx4YjlhXFxcXHhjZjwrXFxcXHg5MlxcXFx4MWJcXFxceGZmJVxcXFx4ODFcXFxceGYyXFxcXHhhOTdcXFxceGVmXFxcXHhiZEVcXFxceDA1JClcXFxceDk0JVxcXFx4MGJcXFxceGNkXFxcXHRcXFxceGJkXFxcXHhkYlxcXFx4ZjhcXFxceDBmUFxcXFx4YzlcXFxceGM0XFxcXHhkM1xcXFx4MGVcXFxceGNlXFxcXHgwY1xcXFx4ZmFeXFxcXHhjYlxcXFx4YjVcXFxceGMyXFxcXHgwN1xcXFx4MTkuYFxcXFx4ZDdweFxcXFx4YzRcXFxceDgxXFxcXHgwOFxcXFx4ZDFCXFxcXHg5NERcXFxceGM2UF5cXFxceGY2XFxcXHg4OFxcXFx4MTNcXFxceDlkXFxcXHgxYlxcXFx4ZTE0XFxcXHhiNVxcXFx4ZTdcXFxceGY4T1xcXFx4ZjRHNU1cXFxceGFiXFxcXHg4MVxcXFx4OTlDXFxcXHhlOU5IXFxcXHg5Y1xcXFx4N2ZcXFxceDBlXFxcXHhhN1xcXFx4MTdcXFxceDFjXFxcXHhlM1xcXFx4MTFCXFxcXHg4ZFxcXFx4YTlcXFxceGFmXFxcXHhjOVxcXFx4ZTA1XFxcXHg5M0xcXFxceGVmXFxcXHhkN3tcXFxceGY2XFxcXHhlYm9cXFxceGRlXFxcXHhkYmdcXFxceGRlNVxcXFx4Y2UqXFxcXHg4YVxcXFx4ZjhcXFxceGE4RGNcXFxceDA2X0xcXFxceGFmcCxcXFxceGVmXFxcXHhlYXFcXFxceGQzXFxcXHhjMFxcXFx4ZDldJThFXFxcXHgxNVxcXFx4YWRcXFxceGRiOlxcXFx4ZWJcXFxceGI5JlxcXFx4YWNLRlxcXFx4MTBjSn1cXFxceDBiL1xcXFx4MTFHXFxcXHgxOUdcXFxceGU1LihcXFxceGUxXFxcXHhkY2AuXFxcXHRcXFxceGY0XFxcXHg4MmZcXFxcblxcXFx4ZDBcXFxceGUwXFxcXHg4NVxcXFx4OTVBQlxcXFx4ODREXFxcXHg4NWpcXFxceDBiXFxcXHgxN1xcXFx4Y2JcXFxceGQzXFxcXHhjN3l+XFxcXHg5NFBcXFxceDFkXFxcXHg5N1xcXFx4YmVcXFxceGExJjpcXFxceDkyXFxcXHhmZSlbU1RkXFxcXHgxNVxcXFx4Y2FgXFxcXHgxNlxcXFx4MTd6IFxcXFx4ODZcXFxceDAyITlcXFxceGYwXFxcXHhmYlxcXFx4ZTVcXFxceGI1XFxcXHhkZnVcXFxceDExQF1GRTdZNVxcXFx4YzZcXFxceGZhXFxcXHhiMVxcXFx4OTBcXFxceDBmOztTO1xcXFx4YjRcXFxceDEzXFxcXHhjZlxcXFx4MDZcXFxceGRjXFxcXHhhYVxcXFx4Y2VcXFxceDgwXFxcXHhlMlxcXFx4ZGJpXFxcXHhjN1xcXFx4MGVcXFxceGI0I11cXFxceGQ3blxcXFxuOFxcXFx4YWJcXFxceDE4XFxcXHJcXFxceDg4XFxcXHhiZlxcXFx4YmQ0XFxcXHhjZFNcXFxceGRkQ1xcXFx4YjVcXFwiUlxcXFx4ZTdaXFxcXHhlNHdAXlxcXFx4ZmRcXFxceDk0XFxcXHg5M0JcXFxceGQ3XFxcXHhiMlxcXFx4MGNcXFxceGVjXFxcXHgxMlxcXFx4OTJcXFxceDExKUB8XFxcXHhiZFxcXFx4ZDBcXFxceDgwT1xcXFx4ZTcjXFxcXHhhZThcXFxceDg3XFxcXHg5NlxcXFx4ZmZuaFxcXFx4YTlFdFxcXFx4ZmUmXFxcXHhiMlxcXFx4YmJcXFxceGQ4M1xcXFxuQVFcXFxceGZkXFxcXHhiMlxcXFx4ZTRcXFxceDE1XFxcXHhmNlxcXFx4MDdcXFxceDFjXFxcXHhkY1xcXFx4ZTU3XFxcXHg4Y1o2XFxcXHhlZFxcXFx4ODhZbCNqXFxcXHhkYlxcXFx4N2ZcXFxceGZlXFxcXHhmYVxcXFx4ZGJRXFxcXHhlYjhcXFxceDE5XFxcXHhkOSFcXFxceGU0MFxcXFx4YzlcXFxceDExXFxcXHJKXFxcXG5cXFxceDE5XFxcXHJcXFxceGJiXFxcXHg4M1xcXFx4OWJcXFxceGQ1VFxcXFx4N2ZcXFxceGI1XFxcXHhmNVxcXFx4ODFcXFxceGM5SWFcXFxceGVjbFxcXFx4YzZZVVxcXFx4ZWFcXFxceGY3XFxcXHgxZFxcXFx4YmRcXFxceGFmXFxcXHg4Nl5taVxcXFx4ZTYqXFxcXHhlNlxcXFx4OGYlXFxcXHhiYVxcXFx4Y2VaXFxcXHhjYVxcXFx4YTAxPklcXFxceGQzXFxcXHgwOH5cXFxceGE5XFxcXHhiNWpcXFxceDlmXFxcXG5cXFxceGJiXFxcXHJcXFxceGRjXFxcXHhjYVxcXFx4ZmFcXFxceGYxXFxcXHhmYlxcXFx4MTVcXFxceGQ4XFxcXHhlOFxcXFx4OTNcXFxceGEzXFxcXHhkMlxcXFx4MWRcXFxceDkwXFxcIiFcXFxceGE2XFxcXHhkNVxcXFx4ZGYjWlxcXFx4ZTFcXFxceDg3XFxcXHg4ZlxcXFx4MWVkXFxcXHhmMlxcXFx4ZTlcXFxceGM2XFxcXHhhNVxcXFx4MWUqS1pcXFxceGNiXFxcXHgxZFxcXFx4YjRSc1xcXCJYXFxcXHhjNlxcXFx4YjJcXFxceDFmXFxcXHhhMlxcXFx4ZTdcXFxceGU2XFxcXHhiOFxcXFx4ZjlcXFxceGY3XFxcXHg5N1xcXFx4Yjl7XFxcXG5cXFxceDk1XFxcXHhhZFxcXFx4MTRcXFxceDEzXFxcXHhjNVxcXFx4YmZXXFxcXHhjNWtcXFxceDkzXFxcXHhjZlxcXFx4YmNcXFxceDA0XFxcXHhhY1xcXFx4OWJcXFxceGIxXFxcXHhhYlxcXFx4YzBcXFxceGNlXFxcXHhiYlxcXFx4MGJhXFxcXHhiY1xcXFx4OTJNXVxcXFx4OTBcXFxceGIzQFxcXFx4OTZcXFxceDkyXFxcXHgwM1xcXFx4OGZcXFxceDkyclxcXFx4ODhcXFxceGQ2PVxcXFx4ZDVcXFxceDA4XFxcXHhkM3hcXFxceGNjXFxcXHhhZVxcXFx4YjFcXFxceDk4XFxcXHgwZVxcXFx4OTlcXFxceGU3LiZcXFxceGY3dVxcXCJoXFxcXHg4N3tcXFxceGUyUGpcXFxceDhlXFxcXHhmNUdcXFxceDA4XFxcXHgwMn0hXFxcXHg4OVxcXFx4YWQ/XFxcXHJcXFxceDg2RlxcXFx4MTRzeFxcXFx4OGRcXFxceGM2XFxcXHgxNiNcXFxceDE4JVxcXFx4YzlcXFxceDA4XFxcXHhlNEBcXFxceDEyXFxcXHhmNVxcXFx4YjZcXFxceDg2KlxcXFx4YzlGXFxcXHgxMHVcXFxcdFxcXFx4ZDBcXFxceDhiXFxcXHhlYVxcXFx4ZmZcXFxceGZiXFxcXHg4ZVxcXFx4YzNcXFxceDAxXFxcXHg5M2xcXFxceDA3XFxcXHhhZCZcXFxceDljXFxcXHhjZlxcXFx4ZTRjXFxcXHhjNVl+XFxcXHg5MjptYVxcXFx4ZjVLRVxcXFx4ZjdcXFxceDk0XFxcXHgxZFxcXFx4Y2ZrXFxcXHg3ZlxcXFx4ZTlcXFxceDlmMVJfXFxcXHg4YVxcXFx4YmVMYFxcXFx4OWNcXFxceGQxQFdcXFxceGExJFxcXFx4ODRcXFxceGMwZEUgWFxcXFx4YzVVV1xcXFx4OTFcXFxceDkyW1xcXFx4ZWJcXFxceDFjXlxcXFx4Y2UwUmJCXFxcXHgwNSpAXFxcXHhiZVxcXFx4MTRRXFxcXHhkMSgzXFxcXHg4M1xcXFx4ZGRcXFxcbkh+dFxcXFx4YmFcXFxceGYxY1xcXFx4YWNcXFxceGRlXFxcXHgwMVxcXFx4YzZ7XFxcXHgxNFxcXFx4OTclXFxcXHhlNFxcXFx4ODNcXFxceGVhaFxcXFx4OWVcXFxceDk0XFxcXHhkMlxcXFx4MWZcXFxceGNiXFxcXHg5Y1xcXFx4Y2ZcXFxceDBiZlxcXFx4YWRcXFxceGU4XFxcXHhlMlxcXFx4OTMkXFxcXHhiNVxcXFx4ZTFcXFxceDk4IylnXFxcXHhlNkNJXFxcXHgwMFxcXFx4YjdcXFxceDg4XFxcXHhhMlxcXFx4YmZcXFxceDhhXFxcXHhmYSRcXFxceGMzTlxcXFx4YjNYP1xcXFx4YWFcXFxceGU0XFxcXHhjZVxcXFx4YzE4XFxcXHgwZVxcXFx4ZGFdZFxcXFx4YTlcXFxceGRhXFxcXHgxZlxcXFx4OGFcXFxceGVlWCVbe3pVXFxcXHhlNlxcXFx4MGJcXFxceDdmXFxcXHgwMFxcXFx4ZDRcXFxcJ1xcXFx4YTVcXFxceGRlXFxcXHhmN2FcXFxceDAzQVxcXFx4Y2VcXFxceDEyXFxcXHhiMFxcXFx4YTM8XFxcXHg5MDdcXFxceGM3XFxcXHg5OFxcXFx4ZWNgd1xcXFx4YzdcXFxceGVlXFxcXHhhNTVcXFxceDk2MlxcXFx4MDZcXFxceGUxXFxcXHhlYlxcXFx4MDRMXUpcXFxceGJiOlxcXFx4MDg/XFxcXHhlOVxcXFx4MTZUXFxcXHg4ZlxcXCJcXFxceDllXFxcXHhjMVxcXFx4MDRcXFxceGM1KVxcXFx4MGNHXFxcXHhlZEFuXFxcXHhjMFxcXFx4OWRcXFxceGQxXFxcXHgxYiZcXFxceGE1XFxcXHhmYVxcXFx4OThcXFxceGUwXFxcXHhkYVxcXFx4ZDhwXFxcXHg5Y09NXFxcXHhlND9cXFxceGU3XFxcXHgwOFxcXFx4MWR3XFxcXHg5ZmBcXFxceDliTFxcXFx4ZDhcXFxceGQzXFxcXHg3ZkZcXFxceGRjXFxcXHg5NlxcXFx4ZGZNXFxcXHhkY1xcXFx4ZDRcXFxceGM0XFxcXHJcXFxceGUzXFxcXHg4OVxcXFx4ZmEuXFxcXHhiOTw9X1xcXFx4OTVcXFxceGIwV1VcXFxceGM3XFxcXHhiZFxcXFx4OTNIXFxcXHhmZlxcXFx4ZDJcXFxceDgwXFxcXHgxMiVcXFxceGU2XFxcXHhjYnd0XFxcXHhiYVxcXFx4YjhcXFxceGIwRih+XFxcXHhhZjpcXFxceDk4XFxcIlxcXFx4YjFcXFxceGE1XFxcXHhmYiRcXFxceDhlXFxcXHhkNG9cXFxcJ01cXFxceDAzXFxcXHgwMVxcXFx4ZmRRXFxcXHg4NnspXFxcXHhkMlxcXFx4ZGJcXFxceGU2XFxcXHhiN1xcXFx4OWVDXFxcXHhkZlxcXFx4YTZYXFxcXHhmN1xcXFx4ZTdzOFpcXFxceGExXFxcXHhlYVxcXFx4ODlcXFxceDFjXFxcXHRcXFxceGU3QlxcXFx4MWNcXFxceGZiUD1cXFxceGE4PE11XFxcXHg4YVxcXFx4Y2RcXFxceDEzMFBcXFxceGQ4XFxcXHgwY1xcXFx4ZmRcXFxceGVkXFxcXHhhNVxcXFx4ZmVcXFxceDE5Q1lcXFxceGZmK3ZcXFxceDE4XFxcXHgxYlxcXFx4ZjRcXFxceGY2XFxcXHhlYVxcXFx4ZWFcXFxceGVhMlxcXFx4ZWNcXFxceDBlXFxcXHhkNiNlR1xcXFx4ODROXFxcXHhkOFVcXFxceDEwXFxcXHhlZFxcXFx4MTVNXFxcXHgwNFxcXFx4YjRcXFxceGRmd1xcXFx4YmRLXFxcXHhjZWhcXFxceGUzVlxcXFx4N2ZcXFxceGEzXFxcXHhmNlI/KFxcXFx4ZGFcXFxceGE2R1xcXFx4ZGUuXFxcXHhlY3pcXFxceDhkXFxcXHhiMVxcXFx4MWVcXFxceDA1XFxcXHhlYlxcXFx4YWElXFxcXHhmYSRcXFxceDg1XFxcXHhiMFxcXFx4YTdcXFxceGUzfVxcXFx4ZDJeXFxcXHhkN1xcXFx4ZGZTXFxcXCdcXFxceDk0XVxcXFx4ZjZcXFxceDk0XFxcXHhiNVxcXFx4Yjd9XFxcXHhhNlxcXFx4YWUtRVxcXFx4ZTgjXFxcXHhjNVxcXFx4ZjZcXFxceDFlXFxcXHgxYVxcXFx4OWMkXFxcXHg5MjYhXFxcXHhlNlxcXFx4ZjlRT1xcXFx4ODhcXFxceGQ2SlxcXFx4YWQhfVxcXFx4ODA6XFxcXHhhYkNcXFxceGYzXFxcXHg4NEdcXFxceGZiKFxcXFx4ZThcXFxceGNlXFxcXHgxYyhcXFxceGQwXFxcXHhhZjhwXFxcXHhiMFxcXFx4YTJcXFxceGM1RVxcXFx4MTA9XFxcXHRcXFxceDk2cDhcXFxceGEyKFxcXFx4ZDRcXFxceDdmXFxcXHhhMlxcXFx4YThmXFxcXHhhMVxcXFx4ODBcXFxceGRiXFxcXHgxZj1LXFxcXHgxOFxcXFx4ZDhHXFxcXHhkMVpcXFxceGZmcVxcXFx4YTRcXFxceDg3XFxcXHhkMlxcXFx4YTdcXFxceGNkXFxcXHhlZlxcXFx4N2ZcXFxceGNiKS9sXFxcXHgwMlxcXFx4ZjU7XFxcXHhlOXZcXFxceGI1alxcXFx4MDJcXFxceGNkXFxcXHhkOFdcXFxceGNhXFxcXHhiZHBcXFxceGY4XFxcXHhiNFxcXFx4ODdcXFxceGMzP1xcXFx4YzVcXFxceGRjXFxcXHhmZVxcXFx4MGJQS1xcXFx4MDdcXFxceDA4XFxcXHgxNVxcXFx4ZjJcXFxceGJiXFxcXHgxZlBcXFxceDA2XFxcXHgwMFxcXFx4MDBcXFxceDA1XFxcXHgxZFxcXFx4MDBcXFxceDAwUEtcXFxceDAzXFxcXHgwNFxcXFx4MTRcXFxceDAwXFxcXHgwOFxcXFx4MDhcXFxceDA4XFxcXHgwMFxcXFx4YTBcXFxcXFxcXFxcXFx4ZDRMXFxcXHgwMFxcXFx4MDBcXFxceDAwXFxcXHgwMFxcXFx4MDBcXFxceDAwXFxcXHgwMFxcXFx4MDBcXFxceDAwXFxcXHgwMFxcXFx4MDBcXFxceDAwXFxcXCdcXFxceDAwXFxcXHgwMFxcXFx4MDBDb25maWd1cmF0aW9uczIvYWNjZWxlcmF0b3IvY3VycmVudC54bWxcXFxceDAzXFxcXHgwMFBLXFxcXHgwN1xcXFx4MDhcXFxceDAwXFxcXHgwMFxcXFx4MDBcXFxceDAwXFxcXHgwMlxcXFx4MDBcXFxceDAwXFxcXHgwMFxcXFx4MDBcXFxceDAwXFxcXHgwMFxcXFx4MDBQS1xcXFx4MDNcXFxceDA0XFxcXHgxNFxcXFx4MDBcXFxceDAwXFxcXHgwOFxcXFx4MDBcXFxceDAwXFxcXHhhMFxcXFxcXFxcXFxcXHhkNExcXFxceDAwXFxcXHgwMFxcXFx4MDBcXFxceDAwXFxcXHgwMFxcXFx4MDBcXFxceDAwXFxcXHgwMFxcXFx4MDBcXFxceDAwXFxcXHgwMFxcXFx4MDBcXFxceDFhXFxcXHgwMFxcXFx4MDBcXFxceDAwQ29uZmlndXJhdGlvbnMyL3Rvb2xwYW5lbC9QS1xcXFx4MDNcXFxceDA0XFxcXHgxNFxcXFx4MDBcXFxceDAwXFxcXHgwOFxcXFx4MDBcXFxceDAwXFxcXHhhMFxcXFxcXFxcXFxcXHhkNExcXFxceDAwXFxcXHgwMFxcXFx4MDBcXFxceDAwXFxcXHgwMFxcXFx4MDBcXFxceDAwXFxcXHgwMFxcXFx4MDBcXFxceDAwXFxcXHgwMFxcXFx4MDBcXFxceDE4XFxcXHgwMFxcXFx4MDBcXFxceDAwQ29uZmlndXJhdGlvbnMyL2Zsb2F0ZXIvUEtcXFxceDAzXFxcXHgwNFxcXFx4MTRcXFxceDAwXFxcXHgwMFxcXFx4MDhcXFxceDAwXFxcXHgwMFxcXFx4YTBcXFxcXFxcXFxcXFx4ZDRMXFxcXHgwMFxcXFx4MDBcXFxceDAwXFxcXHgwMFxcXFx4MDBcXFxceDAwXFxcXHgwMFxcXFx4MDBcXFxceDAwXFxcXHgwMFxcXFx4MDBcXFxceDAwXFxcXHgxOFxcXFx4MDBcXFxceDAwXFxcXHgwMENvbmZpZ3VyYXRpb25zMi9tZW51YmFyL1BLXFxcXHgwM1xcXFx4MDRcXFxceDE0XFxcXHgwMFxcXFx4MDBcXFxceDA4XFxcXHgwMFxcXFx4MDBcXFxceGEwXFxcXFxcXFxcXFxceGQ0TFxcXFx4MDBcXFxceDAwXFxcXHgwMFxcXFx4MDBcXFxceDAwXFxcXHgwMFxcXFx4MDBcXFxceDAwXFxcXHgwMFxcXFx4MDBcXFxceDAwXFxcXHgwMFxcXFx4MWZcXFxceDAwXFxcXHgwMFxcXFx4MDBDb25maWd1cmF0aW9uczIvaW1hZ2VzL0JpdG1hcHMvUEtcXFxceDAzXFxcXHgwNFxcXFx4MTRcXFxceDAwXFxcXHgwMFxcXFx4MDhcXFxceDAwXFxcXHgwMFxcXFx4YTBcXFxcXFxcXFxcXFx4ZDRMXFxcXHgwMFxcXFx4MDBcXFxceDAwXFxcXHgwMFxcXFx4MDBcXFxceDAwXFxcXHgwMFxcXFx4MDBcXFxceDAwXFxcXHgwMFxcXFx4MDBcXFxceDAwXFxcXHgxYVxcXFx4MDBcXFxceDAwXFxcXHgwMENvbmZpZ3VyYXRpb25zMi9wb3B1cG1lbnUvUEtcXFxceDAzXFxcXHgwNFxcXFx4MTRcXFxceDAwXFxcXHgwMFxcXFx4MDhcXFxceDAwXFxcXHgwMFxcXFx4YTBcXFxcXFxcXFxcXFx4ZDRMXFxcXHgwMFxcXFx4MDBcXFxceDAwXFxcXHgwMFxcXFx4MDBcXFxceDAwXFxcXHgwMFxcXFx4MDBcXFxceDAwXFxcXHgwMFxcXFx4MDBcXFxceDAwXFxcXHgxY1xcXFx4MDBcXFxceDAwXFxcXHgwMENvbmZpZ3VyYXRpb25zMi9wcm9ncmVzc2Jhci9QS1xcXFx4MDNcXFxceDA0XFxcXHgxNFxcXFx4MDBcXFxceDAwXFxcXHgwOFxcXFx4MDBcXFxceDAwXFxcXHhhMFxcXFxcXFxcXFxcXHhkNExcXFxceDAwXFxcXHgwMFxcXFx4MDBcXFxceDAwXFxcXHgwMFxcXFx4MDBcXFxceDAwXFxcXHgwMFxcXFx4MDBcXFxceDAwXFxcXHgwMFxcXFx4MDBcXFxceDE4XFxcXHgwMFxcXFx4MDBcXFxceDAwQ29uZmlndXJhdGlvbnMyL3Rvb2xiYXIvUEtcXFxceDAzXFxcXHgwNFxcXFx4MTRcXFxceDAwXFxcXHgwMFxcXFx4MDhcXFxceDAwXFxcXHgwMFxcXFx4YTBcXFxcXFxcXFxcXFx4ZDRMXFxcXHgwMFxcXFx4MDBcXFxceDAwXFxcXHgwMFxcXFx4MDBcXFxceDAwXFxcXHgwMFxcXFx4MDBcXFxceDAwXFxcXHgwMFxcXFx4MDBcXFxceDAwXFxcXHgxYVxcXFx4MDBcXFxceDAwXFxcXHgwMENvbmZpZ3VyYXRpb25zMi9zdGF0dXNiYXIvUEtcXFxceDAzXFxcXHgwNFxcXFx4MTRcXFxceDAwXFxcXHgwOFxcXFx4MDhcXFxceDA4XFxcXHgwMFxcXFx4YTBcXFxcXFxcXFxcXFx4ZDRMXFxcXHgwMFxcXFx4MDBcXFxceDAwXFxcXHgwMFxcXFx4MDBcXFxceDAwXFxcXHgwMFxcXFx4MDBcXFxceDAwXFxcXHgwMFxcXFx4MDBcXFxceDAwXFxcXHgwY1xcXFx4MDBcXFxceDAwXFxcXHgwMG1hbmlmZXN0LnJkZlxcXFx4Y2RcXFxceDkzXFxcXHhjZG5cXFxceDgzMFxcXFx4MTBcXFxceDg0XFxcXHhlZjxcXFxceDg1ZVxcXFx4Y2VcXFxceGQ4QC9cXFxceDA1XFxcXHgwNXIoXFxcXHhjYVxcXFx4YjlqXFxcXHg5ZlxcXFx4YzA1XFxcXHg4NlhcXFxceDA1L1xcXFx4ZjJcXFxceDlhXFxcXHgxMlxcXFx4ZGVcXFxceGJlXFxcXHg4ZVxcXFx4OTNWUVxcXFx4YTRcXFxceGFhXFxcXHhlYVxcXFx4OWZcXFxceGQ0XFxcXHhlM1xcXFx4YWVGM1xcXFx4ZGZcXFxceDhlXFxcXHhiNFxcXFx4OWJcXFxceGVkYVxcXFx4MWNcXFxceGM4XFxcXHg4YlxcXFx4YjJcXFxceGE4XFxcXHhjMVQ0YyklXFxcXHhjYUhoXFxcXHhiNVxcXFx4ZTkrOlxcXFx4YmIuXFxcXHhiOVxcXFx4YTVcXFxceGRiOlxcXFx4ZGFcXFxceGQ4XFxcXHhiNitcXFxceDFmXFxcXHg5YVxcXFx4MWRcXFxceGYxalxcXFx4ODNcXFxceGE1XFxcXHg5ZipcXFxceGJhd24qOV9cXFxceDk2XFxcXHg4NS03XFxcXHgwY2xcXFxceGNmXFxcXHhiM1xcXFx4YTIoeFxcXFx4OWFcXFxceGYzPE9cXFxceGJjXFxcIlxcXFx4YzFcXFxceGQ1OHFIXFxcXHgwY1xcXFx4YzZcXFxceGI0XFxcXHg4ZVxcXFx4MDhcXFxcdFxcXFx4MWVcXFxceDhkQmlcXFxceGY1XFxcXHhlNHxcXFxceDFhOVxcXFx4Y2VcXFxceGUyXFxcXHRmV1F0XFxcXHhlYlxcXFx4YTBcXFxceDkweVxcXFx4ZjcgPVxcXFx4OGJcXFxceGRkOlxcXFx4YTlcXFxceGEwXFxcXHhiMlxcXFxuYVxcXFx4YjZSXFxcXHhiZFxcXFx4ODdcXFxceGI2IFxcXFx4OTFcXFxceDgxQFxcXFx4OGRcXFxcdExcXFxceGNhXFxcXHg4NHRcXFxceDgzXFxcXHgxY1xcXFx4YmFOS1xcXFx4YzUzXFxcXHg5NlxcXFx4ZjNROVxcXFx4YzFcXFxceGExXFxcXHhlZFxcXFx4ZTJcXFxceGM3YFxcXFx4YmRcXFxceGQzXFxcXHg4M1xcXFx4YTI8YFxcXFx4ZjArXFxcXHg4ZVxcXFx4Y2ZcXFxceGQ4XFxcXHhkZVxcXFx4ODhcXFxceDBjXFxcXHhhNlxcXFx4ZTVeXFxcXHhlMFxcXFx4YmRcXFxceGIwXFxcXHhlZVxcXFxcXFxcXFxcXHg4M1xcXFx4ZGZ8XFxcXHg5NWh6XFxcXHhlZWN6dVxcXFx4ZDNcXFxceGM1XFxcXHhmMVxcXFx4ZGYjXFxcXHg5NGBcXFxceDljMlxcXFx4ZWVPXFxcXHhlYVxcXFx4YmI7eVxcXFx4ZmZcXFxceGU3XFxcXHhmZS5cXFxceGNmXFxcXHhmZlxcXFx4MTlcXFxceGUyXFxcXHhhZlxcXFx4YjR2RGxAXFxcXHhjZVxcXFx4YTNnXFxcXHhmYVxcXFx4OTBcXFxceGU3XFxcXHhiNFxcXFx4ZjJcXFxceDFmVUdcXFxceGFmUEtcXFxceDA3XFxcXHgwOFxcXFx4YjRcXFxceGY3aFxcXFx4ZDJcXFxceDA1XFxcXHgwMVxcXFx4MDBcXFxceDAwXFxcXHg4M1xcXFx4MDNcXFxceDAwXFxcXHgwMFBLXFxcXHgwM1xcXFx4MDRcXFxceDE0XFxcXHgwMFxcXFx4MDhcXFxceDA4XFxcXHgwOFxcXFx4MDBcXFxceGEwXFxcXFxcXFxcXFxceGQ0TFxcXFx4MDBcXFxceDAwXFxcXHgwMFxcXFx4MDBcXFxceDAwXFxcXHgwMFxcXFx4MDBcXFxceDAwXFxcXHgwMFxcXFx4MDBcXFxceDAwXFxcXHgwMFxcXFx4MTVcXFxceDAwXFxcXHgwMFxcXFx4MDBNRVRBLUlORi9tYW5pZmVzdC54bWxcXFxceGFkVEtqXFxcXHhjMzBcXFxceDEwXFxcXHhkZFxcXFx4ZTdcXFxceDE0RlxcXFx4ZGJiXFxcXHhhOVxcXFx4Y2RcXFxceGFhXFxcXHg4ODhZXFxcXHgwNHpcXFxceDgyXFxcXHhmNFxcXFx4MDBcXFxceGFhPHZcXFxceDA0XFxcXHhkMkhoRiFcXFxceGI5fVxcXFx4ZWRcXFxceDkwXykpMVxcXFx4Y2RuXFxcXHhiZVxcXFx4ZWY9XFxcXHhjZFxcXFx4MGNaXFxcXHhhY1xcXFx4ZjZcXFxceGMxVztcXFxceGM4XFxcXHhlNFxcXCI2XFxcXHhlMk1cXFxceGJlXFxcXHg4YVxcXFxuXFxcXHhkMFxcXFx4YzZcXFxceGQ2YVxcXFx4ZGZcXFxceDg4XFxcXHhjZlxcXFx4Y2RHXFxcXHhmZC5WXFxcXHhjYlxcXFx4ZDlcXFwiXFxcXHgxOHRcXFxceDFkXFxcXHgxMFxcXFx4ZWJcXFxceGIzUVxcXFxyfUhcXFxceDE3XFxcXHhiN1xcXFx4MTElXFxcXHhhM1xcXFx4OGVcXFxceDg2XFxcXHgxY2k0XFxcXHgwMUhcXFxceGIzXFxcXHhkNTFcXFxceDAxXFxcXHhiNlxcXFx4ZDFcXFxceDk2XFxcXHgwMFxcXFx4YzhcXFxceGZhZ1xcXFx4YmQ+Ml1cXFxceGJjXFxcXHgxYlxcXFx4MDFzXFxcXHhiMVxcXFx4OWNVV1xcXFx4YmVcXFxceGNleVxcXFx4YThcXFxceDg3XFxcXHhmZXxcXFxceGI4VndcXFxceGM1XFxcXHhmYjpcXFxceDE5XFxcXHhkZTZCXFxcXHhkZFxcXFx4MDNcXFxceGI5XFxcXHg4NlxcXFx4MDNcXFxceGI0XFxcXHhjZVxcXFx4ZDR8SFxcXFx4ZDBcXFxceDA4XFxcXHg5M1xcXFx4OTJ3XFxcXHhkNlxcXFx4ZjBQXFxcXHhhNnZcXFxceGQ4XFxcXHhjYVxcXFx4YTNgeVxcXFx4YWJTUlxcXFx4Y2FgWlxcXFx4ZGFcXFxceDAyXFxcXHhiMFBTXFxcXHhhNGxcXFxceGI2JXxcXFxceGExcVxcXFx4OWVcXFxceDE0XFxcXHg5Zk1cXFxceDk5XFxcXHhiMFxcXFx4YmYjXFxcXHhjNVxcXFx4MDVcXFxceGQzXFxcXHg4M1xcXFx4MWFcXFxceGYzXFxcXHg5M1hcXFxceDA4XFxcXHg5OFxcXFx4ODdcXFxceGRkXFxcXHg5MFxcXFx4MWNcXFxceGU2eVxcXFx4MDdcXFxceDk5YVxcXFx4Y2ZqTE9cXFxceDAyXFxcXHhiNlxcXFx4MTF5fFxcXFx4ZmZcXFxceGIzcVxcXFx4MDNcXFxceGIweTooXFxcXHhmMVxcXFx4YzFcXFxceGMzXFxcXHhmM2dcXFxceGIwXFxcXHg4ZVxcXFx4ZDhcXFxceGI5XFxcXHhiZVxcXFx4ZTRcXFxceGUzXFxcXHg4MVxcXFx4ZDBcXFxcXFxcXFxcXFx4MTlrXFxcXHhjMVxcXFx4YzNcXFxceGUwXFxcXHhjNlxcXFx4YWNsXFxcXHhjOVxcXFx4ZjlcXFxceGVmXFxcXHhmOVxcXFx4ZmNcXFxceDhmXFxcXHhlYlxcXFx4YzFcXFxceDhiXFxcXHhhNVxcXFx4ODJcXFxceGEzXFxcXHgwNFlcXFxceDljXFxcXHhiNFxcXFx4YjdcXFxceDA4XFxcXHgxM1xcXFx4OTdyXFxcXHg4YVxcXFx4YzlcXFxceGRjdlxcXFx4MGZcXFxceDEwXFxcXHgwZlUvXFxcXHhhN2EuXFxcXHhkNFxcXFx4YWZcXFxceGFmYFxcXFx4ZjlcXFxcclBLXFxcXHgwN1xcXFx4MDhLXFxcXHhjNlxcXFx4MTZcXFxceGQ5IVxcXFx4MDFcXFxceDAwXFxcXHgwMEVcXFxceDA0XFxcXHgwMFxcXFx4MDBQS1xcXFx4MDFcXFxceDAyXFxcXHgxNFxcXFx4MDBcXFxceDE0XFxcXHgwMFxcXFx4MDBcXFxceDA4XFxcXHgwMFxcXFx4MDBcXFxceGEwXFxcXFxcXFxcXFxceGQ0TFxcXFx4ODVsOVxcXFx4OGEuXFxcXHgwMFxcXFx4MDBcXFxceDAwLlxcXFx4MDBcXFxceDAwXFxcXHgwMFxcXFx4MDhcXFxceDAwXFxcXHgwMFxcXFx4MDBcXFxceDAwXFxcXHgwMFxcXFx4MDBcXFxceDAwXFxcXHgwMFxcXFx4MDBcXFxceDAwXFxcXHgwMFxcXFx4MDBcXFxceDAwXFxcXHgwMFxcXFx4MDBcXFxceDAwXFxcXHgwMG1pbWV0eXBlUEtcXFxceDAxXFxcXHgwMlxcXFx4MTRcXFxceDAwXFxcXHgxNFxcXFx4MDBcXFxceDAwXFxcXHgwOFxcXFx4MDBcXFxceDAwXFxcXHhhMFxcXFxcXFxcXFxcXHhkNEw/XFxcXHgwMVxcXFx4YTRcXFxceDlkVlxcXFx4MGVcXFxceDAwXFxcXHgwMFZcXFxceDBlXFxcXHgwMFxcXFx4MDBcXFxceDE4XFxcXHgwMFxcXFx4MDBcXFxceDAwXFxcXHgwMFxcXFx4MDBcXFxceDAwXFxcXHgwMFxcXFx4MDBcXFxceDAwXFxcXHgwMFxcXFx4MDBcXFxceDAwXFxcXHgwMFRcXFxceDAwXFxcXHgwMFxcXFx4MDBUaHVtYm5haWxzL3RodW1ibmFpbC5wbmdQS1xcXFx4MDFcXFxceDAyXFxcXHgxNFxcXFx4MDBcXFxceDE0XFxcXHgwMFxcXFx4MDhcXFxceDA4XFxcXHgwOFxcXFx4MDBcXFxceGEwXFxcXFxcXFxcXFxceGQ0TG9cXFxceGUwXFxcXHg5OUdcXFxceGQ4XFxcXHgwM1xcXFx4MDBcXFxceDAwXFxcXHgwN1xcXFx4MWRcXFxceDAwXFxcXHgwMFxcXFx4MGNcXFxceDAwXFxcXHgwMFxcXFx4MDBcXFxceDAwXFxcXHgwMFxcXFx4MDBcXFxceDAwXFxcXHgwMFxcXFx4MDBcXFxceDAwXFxcXHgwMFxcXFx4MDBcXFxceDAwXFxcXHhlMFxcXFx4MGVcXFxceDAwXFxcXHgwMHNldHRpbmdzLnhtbFBLXFxcXHgwMVxcXFx4MDJcXFxceDE0XFxcXHgwMFxcXFx4MTRcXFxceDAwXFxcXHgwOFxcXFx4MDhcXFxceDA4XFxcXHgwMFxcXFx4YTBcXFxcXFxcXFxcXFx4ZDRMMlxcXFx4OTdcXFxceGMxXFxcXHhhMVxcXFx4YWZcXFxceDA3XFxcXHgwMFxcXFx4MDAlW1xcXFx4MDBcXFxceDAwXFxcXHgwYlxcXFx4MDBcXFxceDAwXFxcXHgwMFxcXFx4MDBcXFxceDAwXFxcXHgwMFxcXFx4MDBcXFxceDAwXFxcXHgwMFxcXFx4MDBcXFxceDAwXFxcXHgwMFxcXFx4MDBcXFxceGYyXFxcXHgxMlxcXFx4MDBcXFxceDAwY29udGVudC54bWxQS1xcXFx4MDFcXFxceDAyXFxcXHgxNFxcXFx4MDBcXFxceDE0XFxcXHgwMFxcXFx4MDhcXFxceDA4XFxcXHgwOFxcXFx4MDBcXFxceGEwXFxcXFxcXFxcXFxceGQ0TDxqXFxcXHgwM0RcXFxceDk4XFxcXHgwMVxcXFx4MDBcXFxceDAwSlxcXFx4MDNcXFxceDAwXFxcXHgwMFxcXFx4MDhcXFxceDAwXFxcXHgwMFxcXFx4MDBcXFxceDAwXFxcXHgwMFxcXFx4MDBcXFxceDAwXFxcXHgwMFxcXFx4MDBcXFxceDAwXFxcXHgwMFxcXFx4MDBcXFxceDAwXFxcXHhkYVxcXFx4MWFcXFxceDAwXFxcXHgwMG1ldGEueG1sUEtcXFxceDAxXFxcXHgwMlxcXFx4MTRcXFxceDAwXFxcXHgxNFxcXFx4MDBcXFxceDA4XFxcXHgwOFxcXFx4MDhcXFxceDAwXFxcXHhhMFxcXFxcXFxcXFxcXHhkNExcXFxceDE1XFxcXHhmMlxcXFx4YmJcXFxceDFmUFxcXFx4MDZcXFxceDAwXFxcXHgwMFxcXFx4MDVcXFxceDFkXFxcXHgwMFxcXFx4MDBcXFxcblxcXFx4MDBcXFxceDAwXFxcXHgwMFxcXFx4MDBcXFxceDAwXFxcXHgwMFxcXFx4MDBcXFxceDAwXFxcXHgwMFxcXFx4MDBcXFxceDAwXFxcXHgwMFxcXFx4MDBcXFxceGE4XFxcXHgxY1xcXFx4MDBcXFxceDAwc3R5bGVzLnhtbFBLXFxcXHgwMVxcXFx4MDJcXFxceDE0XFxcXHgwMFxcXFx4MTRcXFxceDAwXFxcXHgwOFxcXFx4MDhcXFxceDA4XFxcXHgwMFxcXFx4YTBcXFxcXFxcXFxcXFx4ZDRMXFxcXHgwMFxcXFx4MDBcXFxceDAwXFxcXHgwMFxcXFx4MDJcXFxceDAwXFxcXHgwMFxcXFx4MDBcXFxceDAwXFxcXHgwMFxcXFx4MDBcXFxceDAwXFxcXCdcXFxceDAwXFxcXHgwMFxcXFx4MDBcXFxceDAwXFxcXHgwMFxcXFx4MDBcXFxceDAwXFxcXHgwMFxcXFx4MDBcXFxceDAwXFxcXHgwMFxcXFx4MDBcXFxceDAwMCNcXFxceDAwXFxcXHgwMENvbmZpZ3VyYXRpb25zMi9hY2NlbGVyYXRvci9jdXJyZW50LnhtbFBLXFxcXHgwMVxcXFx4MDJcXFxceDE0XFxcXHgwMFxcXFx4MTRcXFxceDAwXFxcXHgwMFxcXFx4MDhcXFxceDAwXFxcXHgwMFxcXFx4YTBcXFxcXFxcXFxcXFx4ZDRMXFxcXHgwMFxcXFx4MDBcXFxceDAwXFxcXHgwMFxcXFx4MDBcXFxceDAwXFxcXHgwMFxcXFx4MDBcXFxceDAwXFxcXHgwMFxcXFx4MDBcXFxceDAwXFxcXHgxYVxcXFx4MDBcXFxceDAwXFxcXHgwMFxcXFx4MDBcXFxceDAwXFxcXHgwMFxcXFx4MDBcXFxceDAwXFxcXHgwMFxcXFx4MDBcXFxceDAwXFxcXHgwMFxcXFx4MDBcXFxceDg3I1xcXFx4MDBcXFxceDAwQ29uZmlndXJhdGlvbnMyL3Rvb2xwYW5lbC9QS1xcXFx4MDFcXFxceDAyXFxcXHgxNFxcXFx4MDBcXFxceDE0XFxcXHgwMFxcXFx4MDBcXFxceDA4XFxcXHgwMFxcXFx4MDBcXFxceGEwXFxcXFxcXFxcXFxceGQ0TFxcXFx4MDBcXFxceDAwXFxcXHgwMFxcXFx4MDBcXFxceDAwXFxcXHgwMFxcXFx4MDBcXFxceDAwXFxcXHgwMFxcXFx4MDBcXFxceDAwXFxcXHgwMFxcXFx4MThcXFxceDAwXFxcXHgwMFxcXFx4MDBcXFxceDAwXFxcXHgwMFxcXFx4MDBcXFxceDAwXFxcXHgwMFxcXFx4MDBcXFxceDAwXFxcXHgwMFxcXFx4MDBcXFxceDAwXFxcXHhiZiNcXFxceDAwXFxcXHgwMENvbmZpZ3VyYXRpb25zMi9mbG9hdGVyL1BLXFxcXHgwMVxcXFx4MDJcXFxceDE0XFxcXHgwMFxcXFx4MTRcXFxceDAwXFxcXHgwMFxcXFx4MDhcXFxceDAwXFxcXHgwMFxcXFx4YTBcXFxcXFxcXFxcXFx4ZDRMXFxcXHgwMFxcXFx4MDBcXFxceDAwXFxcXHgwMFxcXFx4MDBcXFxceDAwXFxcXHgwMFxcXFx4MDBcXFxceDAwXFxcXHgwMFxcXFx4MDBcXFxceDAwXFxcXHgxOFxcXFx4MDBcXFxceDAwXFxcXHgwMFxcXFx4MDBcXFxceDAwXFxcXHgwMFxcXFx4MDBcXFxceDAwXFxcXHgwMFxcXFx4MDBcXFxceDAwXFxcXHgwMFxcXFx4MDBcXFxceGY1I1xcXFx4MDBcXFxceDAwQ29uZmlndXJhdGlvbnMyL21lbnViYXIvUEtcXFxceDAxXFxcXHgwMlxcXFx4MTRcXFxceDAwXFxcXHgxNFxcXFx4MDBcXFxceDAwXFxcXHgwOFxcXFx4MDBcXFxceDAwXFxcXHhhMFxcXFxcXFxcXFxcXHhkNExcXFxceDAwXFxcXHgwMFxcXFx4MDBcXFxceDAwXFxcXHgwMFxcXFx4MDBcXFxceDAwXFxcXHgwMFxcXFx4MDBcXFxceDAwXFxcXHgwMFxcXFx4MDBcXFxceDFmXFxcXHgwMFxcXFx4MDBcXFxceDAwXFxcXHgwMFxcXFx4MDBcXFxceDAwXFxcXHgwMFxcXFx4MDBcXFxceDAwXFxcXHgwMFxcXFx4MDBcXFxceDAwXFxcXHgwMCskXFxcXHgwMFxcXFx4MDBDb25maWd1cmF0aW9uczIvaW1hZ2VzL0JpdG1hcHMvUEtcXFxceDAxXFxcXHgwMlxcXFx4MTRcXFxceDAwXFxcXHgxNFxcXFx4MDBcXFxceDAwXFxcXHgwOFxcXFx4MDBcXFxceDAwXFxcXHhhMFxcXFxcXFxcXFxcXHhkNExcXFxceDAwXFxcXHgwMFxcXFx4MDBcXFxceDAwXFxcXHgwMFxcXFx4MDBcXFxceDAwXFxcXHgwMFxcXFx4MDBcXFxceDAwXFxcXHgwMFxcXFx4MDBcXFxceDFhXFxcXHgwMFxcXFx4MDBcXFxceDAwXFxcXHgwMFxcXFx4MDBcXFxceDAwXFxcXHgwMFxcXFx4MDBcXFxceDAwXFxcXHgwMFxcXFx4MDBcXFxceDAwXFxcXHgwMGgkXFxcXHgwMFxcXFx4MDBDb25maWd1cmF0aW9uczIvcG9wdXBtZW51L1BLXFxcXHgwMVxcXFx4MDJcXFxceDE0XFxcXHgwMFxcXFx4MTRcXFxceDAwXFxcXHgwMFxcXFx4MDhcXFxceDAwXFxcXHgwMFxcXFx4YTBcXFxcXFxcXFxcXFx4ZDRMXFxcXHgwMFxcXFx4MDBcXFxceDAwXFxcXHgwMFxcXFx4MDBcXFxceDAwXFxcXHgwMFxcXFx4MDBcXFxceDAwXFxcXHgwMFxcXFx4MDBcXFxceDAwXFxcXHgxY1xcXFx4MDBcXFxceDAwXFxcXHgwMFxcXFx4MDBcXFxceDAwXFxcXHgwMFxcXFx4MDBcXFxceDAwXFxcXHgwMFxcXFx4MDBcXFxceDAwXFxcXHgwMFxcXFx4MDBcXFxceGEwJFxcXFx4MDBcXFxceDAwQ29uZmlndXJhdGlvbnMyL3Byb2dyZXNzYmFyL1BLXFxcXHgwMVxcXFx4MDJcXFxceDE0XFxcXHgwMFxcXFx4MTRcXFxceDAwXFxcXHgwMFxcXFx4MDhcXFxceDAwXFxcXHgwMFxcXFx4YTBcXFxcXFxcXFxcXFx4ZDRMXFxcXHgwMFxcXFx4MDBcXFxceDAwXFxcXHgwMFxcXFx4MDBcXFxceDAwXFxcXHgwMFxcXFx4MDBcXFxceDAwXFxcXHgwMFxcXFx4MDBcXFxceDAwXFxcXHgxOFxcXFx4MDBcXFxceDAwXFxcXHgwMFxcXFx4MDBcXFxceDAwXFxcXHgwMFxcXFx4MDBcXFxceDAwXFxcXHgwMFxcXFx4MDBcXFxceDAwXFxcXHgwMFxcXFx4MDBcXFxceGRhJFxcXFx4MDBcXFxceDAwQ29uZmlndXJhdGlvbnMyL3Rvb2xiYXIvUEtcXFxceDAxXFxcXHgwMlxcXFx4MTRcXFxceDAwXFxcXHgxNFxcXFx4MDBcXFxceDAwXFxcXHgwOFxcXFx4MDBcXFxceDAwXFxcXHhhMFxcXFxcXFxcXFxcXHhkNExcXFxceDAwXFxcXHgwMFxcXFx4MDBcXFxceDAwXFxcXHgwMFxcXFx4MDBcXFxceDAwXFxcXHgwMFxcXFx4MDBcXFxceDAwXFxcXHgwMFxcXFx4MDBcXFxceDFhXFxcXHgwMFxcXFx4MDBcXFxceDAwXFxcXHgwMFxcXFx4MDBcXFxceDAwXFxcXHgwMFxcXFx4MDBcXFxceDAwXFxcXHgwMFxcXFx4MDBcXFxceDAwXFxcXHgwMFxcXFx4MTAlXFxcXHgwMFxcXFx4MDBDb25maWd1cmF0aW9uczIvc3RhdHVzYmFyL1BLXFxcXHgwMVxcXFx4MDJcXFxceDE0XFxcXHgwMFxcXFx4MTRcXFxceDAwXFxcXHgwOFxcXFx4MDhcXFxceDA4XFxcXHgwMFxcXFx4YTBcXFxcXFxcXFxcXFx4ZDRMXFxcXHhiNFxcXFx4ZjdoXFxcXHhkMlxcXFx4MDVcXFxceDAxXFxcXHgwMFxcXFx4MDBcXFxceDgzXFxcXHgwM1xcXFx4MDBcXFxceDAwXFxcXHgwY1xcXFx4MDBcXFxceDAwXFxcXHgwMFxcXFx4MDBcXFxceDAwXFxcXHgwMFxcXFx4MDBcXFxceDAwXFxcXHgwMFxcXFx4MDBcXFxceDAwXFxcXHgwMFxcXFx4MDBIJVxcXFx4MDBcXFxceDAwbWFuaWZlc3QucmRmUEtcXFxceDAxXFxcXHgwMlxcXFx4MTRcXFxceDAwXFxcXHgxNFxcXFx4MDBcXFxceDA4XFxcXHgwOFxcXFx4MDhcXFxceDAwXFxcXHhhMFxcXFxcXFxcXFxcXHhkNExLXFxcXHhjNlxcXFx4MTZcXFxceGQ5IVxcXFx4MDFcXFxceDAwXFxcXHgwMEVcXFxceDA0XFxcXHgwMFxcXFx4MDBcXFxceDE1XFxcXHgwMFxcXFx4MDBcXFxceDAwXFxcXHgwMFxcXFx4MDBcXFxceDAwXFxcXHgwMFxcXFx4MDBcXFxceDAwXFxcXHgwMFxcXFx4MDBcXFxceDAwXFxcXHgwMFxcXFx4ODcmXFxcXHgwMFxcXFx4MDBNRVRBLUlORi9tYW5pZmVzdC54bWxQS1xcXFx4MDVcXFxceDA2XFxcXHgwMFxcXFx4MDBcXFxceDAwXFxcXHgwMFxcXFx4MTFcXFxceDAwXFxcXHgxMVxcXFx4MDBwXFxcXHgwNFxcXFx4MDBcXFxceDAwXFxcXHhlYlxcXFwnXFxcXHgwMFxcXFx4MDBcXFxceDAwXFxcXHgwMCcsIDEwLCAxMSwgJ3VuZXhwZWN0ZWQgc3BlY2lhbCBjaGFyYWN0ZXInKVwiXV0iLCJ1c2VyX2luZm8iOnsiaWQiOjEsInJvbGUiOjEsInVzZXIiOnsiaWQiOjEsImZpcnN0X25hbWUiOiIiLCJtaWRkbGVfbmFtZSI6bnVsbCwibGFzdF9uYW1lIjoiIiwiZW1haWwiOiJhYmVsQGdtYWlsLmNvbSIsIm1vYmlsZSI6bnVsbCwiaW1hZ2UiOiIvbWVkaWEvZW1wX2RlZmF1bHQucG5nIiwicGFzc3dvcmQiOiJwYmtkZjJfc2hhMjU2JDEwMDAwMCRDckQzbWM5QWRnTVMkY0ZtcFpsS1ZsNWg2Q3JEeEptM3FUUGZ6TzBFMlFUekxVQzIrWkJ0T0R6VT0ifSwiaW5zdGl0dXRlIjp7ImlkIjoxLCJuYW1lIjoiU3RhbmZvcmQiLCJpbnN0aXR1dGVfZW1haWwiOiJicmlkZ2VAZ21haWwuY29tIiwiY29udGFjdCI6IlN0YW5mb3JkIiwiYm9hcmQiOiIiLCJuYXR1cmUiOjEsImxvZ28iOm51bGwsInNjaG9vbF9pbWFnZSI6bnVsbCwibWVkaXVtIjoxLCJ1bml2ZXJzaXR5IjpudWxsLCJhZGRyZXNzIjoiS2luZ3MgQ2lyY2xlLCBmdWxoYW0gcm9hZCIsImNpdHkiOiJMb25kb24iLCJwaW5fY29kZSI6MTIzNDU2LCJzdGF0ZSI6IkVuZ2xhbmQiLCJjb3VudHJ5IjpudWxsLCJzdGF0dXMiOjEsImNyZWF0ZWRfb24iOiIyMDE4LTA2LTIwVDEyOjMyOjA5WiIsImNyZWF0ZWRfYnkiOjAsInVwZGF0ZWRfb24iOiIyMDE4LTA2LTIwVDEyOjMyOjA5WiIsInVwZGF0ZWRfYnkiOjB9fX0=',	'2018-07-04 11:41:03.427692'),
('5q0bpzkefkty9p2amdi01phhrlzukj91',	'YjIxMjc3NTM3MTM1NjEwZjFhMWRiYWEzYjFkZjc3YjYyYzM2Mjc2Njp7Il9hdXRoX3VzZXJfaWQiOiIxIiwiX2F1dGhfdXNlcl9oYXNoIjoiYmM3MTc5NmI2OGVlNjc2MWQyMGRmZmFhNWViZjZlZWE5ZWI5ZjliYyIsIl9hdXRoX3VzZXJfYmFja2VuZCI6ImxvZ2luLmJhY2tlbmRzLkF1dGhCYWNrZW5kIiwidXNlcl9pbmZvIjp7ImlkIjoxLCJyb2xlIjoxLCJ1c2VyIjp7ImlkIjoxLCJmaXJzdF9uYW1lIjoiYWJlbCIsIm1pZGRsZV9uYW1lIjoiIiwibGFzdF9uYW1lIjoiaGVybmFuZGVzIiwiZW1haWwiOiJhYmVsQGdtYWlsLmNvbSIsIm1vYmlsZSI6IiIsImltYWdlIjoiL21lZGlhL2VtcF9kZWZhdWx0LnBuZyIsInBhc3N3b3JkIjoicGJrZGYyX3NoYTI1NiQxMDAwMDAkQ3JEM21jOUFkZ01TJGNGbXBabEtWbDVoNkNyRHhKbTNxVFBmek8wRTJRVHpMVUMyK1pCdE9EelU9In0sImluc3RpdHV0ZSI6eyJpZCI6MSwibmFtZSI6IlN0YW5mb3JkIiwiaW5zdGl0dXRlX2VtYWlsIjoiYnJpZGdlQGdtYWlsLmNvbSIsImNvbnRhY3QiOiJTdGFuZm9yZCIsImJvYXJkIjoiIiwibmF0dXJlIjoxLCJsb2dvIjpudWxsLCJzY2hvb2xfaW1hZ2UiOm51bGwsIm1lZGl1bSI6MSwidW5pdmVyc2l0eSI6Im11bWJhaSIsImFkZHJlc3MiOiJLaW5ncyBDaXJjbGUsIGZ1bGhhbSByb2FkIiwiY2l0eSI6IkxvbmRvbiIsInBpbl9jb2RlIjoxMjM0NTYsInN0YXRlIjoiRW5nbGFuZCIsImNvdW50cnkiOiJmcmVhYWR3YmoiLCJzdGF0dXMiOjEsImNyZWF0ZWRfb24iOiIyMDE4LTA2LTIwVDEyOjMyOjA5WiIsImNyZWF0ZWRfYnkiOjAsInVwZGF0ZWRfb24iOiIyMDE4LTA2LTIwVDEyOjMyOjA5WiIsInVwZGF0ZWRfYnkiOjB9fX0=',	'2018-07-10 13:22:15.759818'),
('6bkwvryxpk3elxfkfdtv36dilxj73167',	'NGY2NTdlZGI3MzhiNjMxYTRkMWQ4M2U3MDM0ZWFjYWQ5YzVlNzJkNDp7Il9hdXRoX3VzZXJfYmFja2VuZCI6ImxvZ2luLmJhY2tlbmRzLkF1dGhCYWNrZW5kIiwiX2F1dGhfdXNlcl9pZCI6IjYiLCJfYXV0aF91c2VyX2hhc2giOiI3OWRhMzk5NWM5YjkzZjE0M2JmODg4ZmQ3OWJiNGJmYzI1YzgxMzU4IiwidXNlcl9pbmZvIjp7ImlkIjozLCJyb2xlIjozLCJ1c2VyIjp7ImlkIjo2LCJmaXJzdF9uYW1lIjoicmFoZWVtIiwibWlkZGxlX25hbWUiOm51bGwsImxhc3RfbmFtZSI6InN0ZXJsaW5nIiwiZW1haWwiOiJzdGVybGluZ0BnbWFpbC5jb20iLCJtb2JpbGUiOiI3ODk0NTYxMjM2IiwiaW1hZ2UiOiIvbWVkaWEvZW1wX2RlZmF1bHQucG5nIiwicGFzc3dvcmQiOiJwYmtkZjJfc2hhMjU2JDEwMDAwMCR4QTdYRWgxdTRHMlckS1c0cHdxN0w0SS9ydXdFV09ReStQaTlORGRnVkJsSDhFNldwTXd5T0MvUT0ifSwiaW5zdGl0dXRlIjp7ImlkIjoyLCJuYW1lIjoic3RlcmxpbmcgaW5zdGl0dXRlIiwiaW5zdGl0dXRlX2VtYWlsIjoiIiwiY29udGFjdCI6IjEyMzQ1Njc4OTEiLCJib2FyZCI6Im1haGFyYXNodHJhIiwibmF0dXJlIjoyLCJsb2dvIjpudWxsLCJzY2hvb2xfaW1hZ2UiOm51bGwsIm1lZGl1bSI6MiwidW5pdmVyc2l0eSI6ImRhc2R3YWQiLCJhZGRyZXNzIjoiYXNkc2NzYWZkIGphZHNiamhkIGFzZCIsImNpdHkiOiJnc2hhZCBhZHNhZCIsInBpbl9jb2RlIjoxMjM0NTYsInN0YXRlIjoibWFoYSIsImNvdW50cnkiOiJpbmRpYSIsInN0YXR1cyI6MSwiY3JlYXRlZF9vbiI6IjIwMTgtMDYtMjBUMTM6MTE6NDZaIiwiY3JlYXRlZF9ieSI6MCwidXBkYXRlZF9vbiI6IjIwMTgtMDYtMjBUMTM6MTE6NDZaIiwidXBkYXRlZF9ieSI6MH19fQ==',	'2018-07-13 10:55:34.913317'),
('etdgxlqtvgifcq5ilrnwxy204yzsnxq5',	'NjZiNDY4MTdjYTgwOWU0MjQwNDY1YjFkYzI1NmFmMDg0MTMwYzlkNDp7Il9hdXRoX3VzZXJfaWQiOiI2IiwiX2F1dGhfdXNlcl9iYWNrZW5kIjoibG9naW4uYmFja2VuZHMuQXV0aEJhY2tlbmQiLCJfYXV0aF91c2VyX2hhc2giOiI3OWRhMzk5NWM5YjkzZjE0M2JmODg4ZmQ3OWJiNGJmYzI1YzgxMzU4IiwidXNlcl9pbmZvIjp7ImlkIjozLCJyb2xlIjozLCJ1c2VyIjp7ImlkIjo2LCJmaXJzdF9uYW1lIjoicmFoZWVtIiwibWlkZGxlX25hbWUiOm51bGwsImxhc3RfbmFtZSI6InN0ZXJsaW5nIiwiZW1haWwiOiJzdGVybGluZ0BnbWFpbC5jb20iLCJtb2JpbGUiOiI3ODk0NTYxMjM2IiwiaW1hZ2UiOiIvbWVkaWEvZW1wX2RlZmF1bHQucG5nIiwicGFzc3dvcmQiOiJwYmtkZjJfc2hhMjU2JDEwMDAwMCR4QTdYRWgxdTRHMlckS1c0cHdxN0w0SS9ydXdFV09ReStQaTlORGRnVkJsSDhFNldwTXd5T0MvUT0ifSwiaW5zdGl0dXRlIjp7ImlkIjoyLCJuYW1lIjoic3RlcmxpbmcgaW5zdGl0dXRlIiwiaW5zdGl0dXRlX2VtYWlsIjoiIiwiY29udGFjdCI6IjEyMzQ1Njc4OTEiLCJib2FyZCI6Im1haGFyYXNodHJhIiwibmF0dXJlIjoyLCJsb2dvIjpudWxsLCJzY2hvb2xfaW1hZ2UiOm51bGwsIm1lZGl1bSI6MiwidW5pdmVyc2l0eSI6ImRhc2R3YWQiLCJhZGRyZXNzIjoiYXNkc2NzYWZkIGphZHNiamhkIGFzZCIsImNpdHkiOiJnc2hhZCBhZHNhZCIsInBpbl9jb2RlIjoxMjM0NTYsInN0YXRlIjoibWFoYSIsImNvdW50cnkiOiJpbmRpYSIsInN0YXR1cyI6MSwiY3JlYXRlZF9vbiI6IjIwMTgtMDYtMjBUMTM6MTE6NDZaIiwiY3JlYXRlZF9ieSI6MCwidXBkYXRlZF9vbiI6IjIwMTgtMDYtMjBUMTM6MTE6NDZaIiwidXBkYXRlZF9ieSI6MH19fQ==',	'2018-07-12 13:40:18.356724'),
('evbowtdr598w3nyoihb4vovluyy7wvsy',	'NjhkZGM2OTQzM2Q2MjQyM2Y2NjAxMWFmYWE0MzkwMzUwNzAzNDQyOTp7Il9hdXRoX3VzZXJfYmFja2VuZCI6ImxvZ2luLmJhY2tlbmRzLkF1dGhCYWNrZW5kIiwiX2F1dGhfdXNlcl9pZCI6IjEiLCJfYXV0aF91c2VyX2hhc2giOiJiYzcxNzk2YjY4ZWU2NzYxZDIwZGZmYWE1ZWJmNmVlYTllYjlmOWJjIiwidXNlcl9pbmZvIjp7ImlkIjoxLCJyb2xlIjoxLCJ1c2VyIjp7ImlkIjoxLCJmaXJzdF9uYW1lIjoiYWJlbCIsIm1pZGRsZV9uYW1lIjoiIiwibGFzdF9uYW1lIjoiaGVybmFuZGVzIiwiZW1haWwiOiJhYmVsQGdtYWlsLmNvbSIsIm1vYmlsZSI6IiIsImltYWdlIjoiL21lZGlhL2VtcF9kZWZhdWx0LnBuZyIsInBhc3N3b3JkIjoicGJrZGYyX3NoYTI1NiQxMDAwMDAkQ3JEM21jOUFkZ01TJGNGbXBabEtWbDVoNkNyRHhKbTNxVFBmek8wRTJRVHpMVUMyK1pCdE9EelU9In0sImluc3RpdHV0ZSI6eyJpZCI6MSwibmFtZSI6IlN0YW5mb3JkIiwiaW5zdGl0dXRlX2VtYWlsIjoiYnJpZGdlQGdtYWlsLmNvbSIsImNvbnRhY3QiOiJTdGFuZm9yZCIsImJvYXJkIjoiIiwibmF0dXJlIjoxLCJsb2dvIjpudWxsLCJzY2hvb2xfaW1hZ2UiOm51bGwsIm1lZGl1bSI6MSwidW5pdmVyc2l0eSI6Im11bWJhaSIsImFkZHJlc3MiOiJLaW5ncyBDaXJjbGUsIGZ1bGhhbSByb2FkIiwiY2l0eSI6IkxvbmRvbiIsInBpbl9jb2RlIjoxMjM0NTYsInN0YXRlIjoiRW5nbGFuZCIsImNvdW50cnkiOiJmcmVhYWR3YmoiLCJzdGF0dXMiOjEsImNyZWF0ZWRfb24iOiIyMDE4LTA2LTIwVDEyOjMyOjA5WiIsImNyZWF0ZWRfYnkiOjAsInVwZGF0ZWRfb24iOiIyMDE4LTA2LTIwVDEyOjMyOjA5WiIsInVwZGF0ZWRfYnkiOjB9fX0=',	'2018-07-09 12:41:01.136549'),
('im0e6tq4tt72kw2rw40mjt5plfzt9ivm',	'Y2Y0ZGFkYWE0OGM1Y2NmNmFmNGVkZTk2MzM1NDhiZDg2YTM1NDVmNjp7InVzZXJfaW5mbyI6eyJpZCI6Mywicm9sZSI6MywidXNlciI6eyJpZCI6NiwiZmlyc3RfbmFtZSI6InJhaGVlbSIsIm1pZGRsZV9uYW1lIjpudWxsLCJsYXN0X25hbWUiOiJzdGVybGluZyIsImVtYWlsIjoic3RlcmxpbmdAZ21haWwuY29tIiwibW9iaWxlIjoiNzg5NDU2MTIzNiIsImltYWdlIjoiL21lZGlhL2VtcF9kZWZhdWx0LnBuZyIsInBhc3N3b3JkIjoicGJrZGYyX3NoYTI1NiQxMDAwMDAkeEE3WEVoMXU0RzJXJEtXNHB3cTdMNEkvcnV3RVdPUXkrUGk5TkRkZ1ZCbEg4RTZXcE13eU9DL1E9In0sImluc3RpdHV0ZSI6eyJpZCI6MiwibmFtZSI6InN0ZXJsaW5nIGluc3RpdHV0ZSIsImluc3RpdHV0ZV9lbWFpbCI6IiIsImNvbnRhY3QiOiIxMjM0NTY3ODkxIiwiYm9hcmQiOiJtYWhhcmFzaHRyYSIsIm5hdHVyZSI6MiwibG9nbyI6bnVsbCwic2Nob29sX2ltYWdlIjpudWxsLCJtZWRpdW0iOjIsInVuaXZlcnNpdHkiOiJkYXNkd2FkIiwiYWRkcmVzcyI6ImFzZHNjc2FmZCBqYWRzYmpoZCBhc2QiLCJjaXR5IjoiZ3NoYWQgYWRzYWQiLCJwaW5fY29kZSI6MTIzNDU2LCJzdGF0ZSI6Im1haGEiLCJjb3VudHJ5IjoiaW5kaWEiLCJzdGF0dXMiOjEsImNyZWF0ZWRfb24iOiIyMDE4LTA2LTIwVDEzOjExOjQ2WiIsImNyZWF0ZWRfYnkiOjAsInVwZGF0ZWRfb24iOiIyMDE4LTA2LTIwVDEzOjExOjQ2WiIsInVwZGF0ZWRfYnkiOjB9fSwiX2F1dGhfdXNlcl9oYXNoIjoiNzlkYTM5OTVjOWI5M2YxNDNiZjg4OGZkNzliYjRiZmMyNWM4MTM1OCIsIl9hdXRoX3VzZXJfYmFja2VuZCI6ImxvZ2luLmJhY2tlbmRzLkF1dGhCYWNrZW5kIiwiX2F1dGhfdXNlcl9pZCI6IjYifQ==',	'2018-07-13 09:04:02.516834'),
('it7fv8zuutn2x6qe0kj4ojn0tc74ztn9',	'Y2VkNzU3ZDRhOGZkOTU0ZTMwMmM3MjlmOTM3MGMyMjRhNzM2OTRmNzp7Il9hdXRoX3VzZXJfaGFzaCI6Ijc5ZGEzOTk1YzliOTNmMTQzYmY4ODhmZDc5YmI0YmZjMjVjODEzNTgiLCJfYXV0aF91c2VyX2JhY2tlbmQiOiJsb2dpbi5iYWNrZW5kcy5BdXRoQmFja2VuZCIsIl9hdXRoX3VzZXJfaWQiOiI2IiwidXNlcl9pbmZvIjp7ImlkIjozLCJyb2xlIjowLCJ1c2VyIjp7ImlkIjo2LCJmaXJzdF9uYW1lIjoicmFoZWVtIiwibWlkZGxlX25hbWUiOm51bGwsImxhc3RfbmFtZSI6InN0ZXJsaW5nIiwiZW1haWwiOiJzdGVybGluZ0BnbWFpbC5jb20iLCJtb2JpbGUiOiI3ODk0NTYxMjM2IiwiaW1hZ2UiOiIvbWVkaWEvZW1wX2RlZmF1bHQucG5nIiwicGFzc3dvcmQiOiJwYmtkZjJfc2hhMjU2JDEwMDAwMCR4QTdYRWgxdTRHMlckS1c0cHdxN0w0SS9ydXdFV09ReStQaTlORGRnVkJsSDhFNldwTXd5T0MvUT0ifSwiaW5zdGl0dXRlIjp7ImlkIjoyLCJuYW1lIjoic3RlcmxpbmcgaW5zdGl0dXRlIiwiaW5zdGl0dXRlX2VtYWlsIjoiIiwiY29udGFjdCI6IjEyMzQ1Njc4OTAiLCJib2FyZCI6Im1haGFyYXNodHJhIiwibmF0dXJlIjoyLCJsb2dvIjpudWxsLCJzY2hvb2xfaW1hZ2UiOm51bGwsIm1lZGl1bSI6MiwidW5pdmVyc2l0eSI6ImRhc2R3YWQiLCJhZGRyZXNzIjoiYXNkc2NzYWZkIGphZHNiamhkIGFzZCIsImNpdHkiOiJnc2hhZCBhZHNhZCIsInBpbl9jb2RlIjoxMjM0NTYsInN0YXRlIjoibWFoYSIsImNvdW50cnkiOiJpbmRpYSIsInN0YXR1cyI6MSwiY3JlYXRlZF9vbiI6IjIwMTgtMDYtMjBUMTM6MTE6NDZaIiwiY3JlYXRlZF9ieSI6MCwidXBkYXRlZF9vbiI6IjIwMTgtMDYtMjBUMTM6MTE6NDZaIiwidXBkYXRlZF9ieSI6MH19fQ==',	'2018-07-11 11:56:49.282012'),
('pp4wt24c2gu7wv14pvrl337cac32el44',	'NWE5NjM3NjFiZGZkMzBlZDQ4MjBmYWViNmQzMTkzZjAyOTFmMmRiYTp7Il9hdXRoX3VzZXJfYmFja2VuZCI6ImxvZ2luLmJhY2tlbmRzLkF1dGhCYWNrZW5kIiwiX2F1dGhfdXNlcl9oYXNoIjoiYmM3MTc5NmI2OGVlNjc2MWQyMGRmZmFhNWViZjZlZWE5ZWI5ZjliYyIsIl9hdXRoX3VzZXJfaWQiOiIxIiwidXNlcl9pbmZvIjp7ImlkIjoxLCJyb2xlIjoxLCJ1c2VyIjp7ImlkIjoxLCJmaXJzdF9uYW1lIjoiYWJlbCIsIm1pZGRsZV9uYW1lIjoiIiwibGFzdF9uYW1lIjoiaGVybmFuZGVzIiwiZW1haWwiOiJhYmVsQGdtYWlsLmNvbSIsIm1vYmlsZSI6IiIsImltYWdlIjoiL21lZGlhL2VtcF9kZWZhdWx0LnBuZyIsInBhc3N3b3JkIjoicGJrZGYyX3NoYTI1NiQxMDAwMDAkQ3JEM21jOUFkZ01TJGNGbXBabEtWbDVoNkNyRHhKbTNxVFBmek8wRTJRVHpMVUMyK1pCdE9EelU9In0sImluc3RpdHV0ZSI6eyJpZCI6MSwibmFtZSI6IlN0YW5mb3JkIiwiaW5zdGl0dXRlX2VtYWlsIjoiYnJpZGdlQGdtYWlsLmNvbSIsImNvbnRhY3QiOiJTdGFuZm9yZCIsImJvYXJkIjoiIiwibmF0dXJlIjoxLCJsb2dvIjpudWxsLCJzY2hvb2xfaW1hZ2UiOm51bGwsIm1lZGl1bSI6MSwidW5pdmVyc2l0eSI6Im11bWJhaSIsImFkZHJlc3MiOiJLaW5ncyBDaXJjbGUsIGZ1bGhhbSByb2FkIiwiY2l0eSI6IkxvbmRvbiIsInBpbl9jb2RlIjoxMjM0NTYsInN0YXRlIjoiRW5nbGFuZCIsImNvdW50cnkiOiJmcmVhYWR3YmoiLCJzdGF0dXMiOjEsImNyZWF0ZWRfb24iOiIyMDE4LTA2LTIwVDEyOjMyOjA5WiIsImNyZWF0ZWRfYnkiOjAsInVwZGF0ZWRfb24iOiIyMDE4LTA2LTIwVDEyOjMyOjA5WiIsInVwZGF0ZWRfYnkiOjB9fX0=',	'2018-07-07 10:52:49.894053'),
('q25w87jqrybjbxvfkjuoo07vhq7vwql4',	'ZDk4ZTdkOThmOTA2NzYwYjlmYjc0OTM1YmU1YmI1ZTQwMTk1YWQ2NDp7Il9hdXRoX3VzZXJfYmFja2VuZCI6ImxvZ2luLmJhY2tlbmRzLkF1dGhCYWNrZW5kIiwiX2F1dGhfdXNlcl9pZCI6IjYiLCJ1c2VyX2luZm8iOnsiaWQiOjMsInJvbGUiOjMsInVzZXIiOnsiaWQiOjYsImZpcnN0X25hbWUiOiJyYWhlZW0iLCJtaWRkbGVfbmFtZSI6bnVsbCwibGFzdF9uYW1lIjoic3RlcmxpbmciLCJlbWFpbCI6InN0ZXJsaW5nQGdtYWlsLmNvbSIsIm1vYmlsZSI6Ijc4OTQ1NjEyMzYiLCJpbWFnZSI6Ii9tZWRpYS9lbXBfZGVmYXVsdC5wbmciLCJwYXNzd29yZCI6InBia2RmMl9zaGEyNTYkMTAwMDAwJHhBN1hFaDF1NEcyVyRLVzRwd3E3TDRJL3J1d0VXT1F5K1BpOU5EZGdWQmxIOEU2V3BNd3lPQy9RPSJ9LCJpbnN0aXR1dGUiOnsiaWQiOjIsIm5hbWUiOiJzdGVybGluZyBpbnN0aXR1dGUiLCJpbnN0aXR1dGVfZW1haWwiOiIiLCJjb250YWN0IjoiMTIzNDU2Nzg5MSIsImJvYXJkIjoibWFoYXJhc2h0cmEiLCJuYXR1cmUiOjIsImxvZ28iOm51bGwsInNjaG9vbF9pbWFnZSI6bnVsbCwibWVkaXVtIjoyLCJ1bml2ZXJzaXR5IjoiZGFzZHdhZCIsImFkZHJlc3MiOiJhc2RzY3NhZmQgamFkc2JqaGQgYXNkIiwiY2l0eSI6ImdzaGFkIGFkc2FkIiwicGluX2NvZGUiOjEyMzQ1Niwic3RhdGUiOiJtYWhhIiwiY291bnRyeSI6ImluZGlhIiwic3RhdHVzIjoxLCJjcmVhdGVkX29uIjoiMjAxOC0wNi0yMFQxMzoxMTo0NloiLCJjcmVhdGVkX2J5IjowLCJ1cGRhdGVkX29uIjoiMjAxOC0wNi0yMFQxMzoxMTo0NloiLCJ1cGRhdGVkX2J5IjowfX0sIl9hdXRoX3VzZXJfaGFzaCI6Ijc5ZGEzOTk1YzliOTNmMTQzYmY4ODhmZDc5YmI0YmZjMjVjODEzNTgifQ==',	'2018-07-13 07:03:00.312254'),
('rub05ihk0cjz9c7bstv3kq0zynx4jo2p',	'MWExOTI3OTc2M2NlM2RlYjI2NmVkYTVkNWIyNzEzODcwYTU0ODU5YTp7Il9hdXRoX3VzZXJfaGFzaCI6ImJjNzE3OTZiNjhlZTY3NjFkMjBkZmZhYTVlYmY2ZWVhOWViOWY5YmMiLCJfYXV0aF91c2VyX2JhY2tlbmQiOiJsb2dpbi5iYWNrZW5kcy5BdXRoQmFja2VuZCIsIl9hdXRoX3VzZXJfaWQiOiIxIiwidXNlcl9pbmZvIjp7ImlkIjoxLCJyb2xlIjoxLCJ1c2VyIjp7ImlkIjoxLCJmaXJzdF9uYW1lIjoiIiwibWlkZGxlX25hbWUiOm51bGwsImxhc3RfbmFtZSI6IiIsImVtYWlsIjoiYWJlbEBnbWFpbC5jb20iLCJtb2JpbGUiOm51bGwsImltYWdlIjoiL21lZGlhL2VtcF9kZWZhdWx0LnBuZyIsInBhc3N3b3JkIjoicGJrZGYyX3NoYTI1NiQxMDAwMDAkQ3JEM21jOUFkZ01TJGNGbXBabEtWbDVoNkNyRHhKbTNxVFBmek8wRTJRVHpMVUMyK1pCdE9EelU9In0sImluc3RpdHV0ZSI6eyJpZCI6MSwibmFtZSI6IlN0YW5mb3JkIiwiaW5zdGl0dXRlX2VtYWlsIjoiYnJpZGdlQGdtYWlsLmNvbSIsImNvbnRhY3QiOiJTdGFuZm9yZCIsImJvYXJkIjoiIiwibmF0dXJlIjoxLCJsb2dvIjpudWxsLCJzY2hvb2xfaW1hZ2UiOm51bGwsIm1lZGl1bSI6MSwidW5pdmVyc2l0eSI6bnVsbCwiYWRkcmVzcyI6IktpbmdzIENpcmNsZSwgZnVsaGFtIHJvYWQiLCJjaXR5IjoiTG9uZG9uIiwicGluX2NvZGUiOjEyMzQ1Niwic3RhdGUiOiJFbmdsYW5kIiwiY291bnRyeSI6bnVsbCwic3RhdHVzIjoxLCJjcmVhdGVkX29uIjoiMjAxOC0wNi0yMFQxMjozMjowOVoiLCJjcmVhdGVkX2J5IjowLCJ1cGRhdGVkX29uIjoiMjAxOC0wNi0yMFQxMjozMjowOVoiLCJ1cGRhdGVkX2J5IjowfX19',	'2018-07-04 08:24:12.115261'),
('zcd94gvlb7q5nbwt4y5ikgbq5s0zv1dq',	'NWE5NjM3NjFiZGZkMzBlZDQ4MjBmYWViNmQzMTkzZjAyOTFmMmRiYTp7Il9hdXRoX3VzZXJfYmFja2VuZCI6ImxvZ2luLmJhY2tlbmRzLkF1dGhCYWNrZW5kIiwiX2F1dGhfdXNlcl9oYXNoIjoiYmM3MTc5NmI2OGVlNjc2MWQyMGRmZmFhNWViZjZlZWE5ZWI5ZjliYyIsIl9hdXRoX3VzZXJfaWQiOiIxIiwidXNlcl9pbmZvIjp7ImlkIjoxLCJyb2xlIjoxLCJ1c2VyIjp7ImlkIjoxLCJmaXJzdF9uYW1lIjoiYWJlbCIsIm1pZGRsZV9uYW1lIjoiIiwibGFzdF9uYW1lIjoiaGVybmFuZGVzIiwiZW1haWwiOiJhYmVsQGdtYWlsLmNvbSIsIm1vYmlsZSI6IiIsImltYWdlIjoiL21lZGlhL2VtcF9kZWZhdWx0LnBuZyIsInBhc3N3b3JkIjoicGJrZGYyX3NoYTI1NiQxMDAwMDAkQ3JEM21jOUFkZ01TJGNGbXBabEtWbDVoNkNyRHhKbTNxVFBmek8wRTJRVHpMVUMyK1pCdE9EelU9In0sImluc3RpdHV0ZSI6eyJpZCI6MSwibmFtZSI6IlN0YW5mb3JkIiwiaW5zdGl0dXRlX2VtYWlsIjoiYnJpZGdlQGdtYWlsLmNvbSIsImNvbnRhY3QiOiJTdGFuZm9yZCIsImJvYXJkIjoiIiwibmF0dXJlIjoxLCJsb2dvIjpudWxsLCJzY2hvb2xfaW1hZ2UiOm51bGwsIm1lZGl1bSI6MSwidW5pdmVyc2l0eSI6Im11bWJhaSIsImFkZHJlc3MiOiJLaW5ncyBDaXJjbGUsIGZ1bGhhbSByb2FkIiwiY2l0eSI6IkxvbmRvbiIsInBpbl9jb2RlIjoxMjM0NTYsInN0YXRlIjoiRW5nbGFuZCIsImNvdW50cnkiOiJmcmVhYWR3YmoiLCJzdGF0dXMiOjEsImNyZWF0ZWRfb24iOiIyMDE4LTA2LTIwVDEyOjMyOjA5WiIsImNyZWF0ZWRfYnkiOjAsInVwZGF0ZWRfb24iOiIyMDE4LTA2LTIwVDEyOjMyOjA5WiIsInVwZGF0ZWRfYnkiOjB9fX0=',	'2018-07-07 11:15:24.292585');

DROP TABLE IF EXISTS `dpy_class_session`;
CREATE TABLE `dpy_class_session` (
  `id` int(11) NOT NULL AUTO_INCREMENT,
  `start_month` smallint(5) unsigned NOT NULL,
  `end_month` smallint(5) unsigned NOT NULL,
  `status` smallint(5) unsigned NOT NULL,
  `created_on` datetime(6) NOT NULL,
  `created_by` int(11) NOT NULL,
  `updated_on` datetime(6) NOT NULL,
  `updated_by` int(11) NOT NULL,
  `ic_id` int(11) NOT NULL,
  PRIMARY KEY (`id`),
  KEY `dpy_institute_class__ic_id_5746649f_fk_dpy_insti` (`ic_id`),
  CONSTRAINT `dpy_institute_class__ic_id_5746649f_fk_dpy_insti` FOREIGN KEY (`ic_id`) REFERENCES `dpy_institute_class` (`id`)
) ENGINE=InnoDB DEFAULT CHARSET=utf8mb4 COLLATE=utf8mb4_unicode_ci;


DROP TABLE IF EXISTS `dpy_class_session_subject`;
CREATE TABLE `dpy_class_session_subject` (
  `id` int(11) NOT NULL AUTO_INCREMENT,
  `status` smallint(5) unsigned NOT NULL,
  `created_on` datetime(6) NOT NULL,
  `created_by` int(11) NOT NULL,
  `updated_on` datetime(6) NOT NULL,
  `updated_by` int(11) NOT NULL,
  `cs_id` int(11) NOT NULL,
  PRIMARY KEY (`id`),
  KEY `dpy_class_session_subject_cs_id_95305e03_fk_dpy_class_session_id` (`cs_id`),
  CONSTRAINT `dpy_class_session_subject_cs_id_95305e03_fk_dpy_class_session_id` FOREIGN KEY (`cs_id`) REFERENCES `dpy_class_session` (`id`)
) ENGINE=InnoDB DEFAULT CHARSET=utf8mb4 COLLATE=utf8mb4_unicode_ci;


DROP TABLE IF EXISTS `dpy_department`;
CREATE TABLE `dpy_department` (
  `id` int(11) NOT NULL AUTO_INCREMENT,
  `name` varchar(255) COLLATE utf8mb4_unicode_ci NOT NULL,
  `status` smallint(5) unsigned NOT NULL,
  `created_on` datetime(6) NOT NULL,
  `created_by` int(11) NOT NULL,
  `updated_on` datetime(6) NOT NULL,
  `updated_by` int(11) NOT NULL,
  PRIMARY KEY (`id`)
) ENGINE=InnoDB DEFAULT CHARSET=utf8mb4 COLLATE=utf8mb4_unicode_ci;


DROP TABLE IF EXISTS `dpy_employee`;
CREATE TABLE `dpy_employee` (
  `emp_id` int(10) NOT NULL AUTO_INCREMENT,
  `First Name` varchar(20) COLLATE utf8mb4_unicode_ci NOT NULL,
  `Middle Name` varchar(20) COLLATE utf8mb4_unicode_ci NOT NULL,
  `Last Name` varchar(20) COLLATE utf8mb4_unicode_ci NOT NULL,
  `Designation` varchar(20) COLLATE utf8mb4_unicode_ci NOT NULL,
  `Department` varchar(20) COLLATE utf8mb4_unicode_ci NOT NULL,
  `Gender` varchar(10) COLLATE utf8mb4_unicode_ci NOT NULL,
  `Date of Join` varchar(10) COLLATE utf8mb4_unicode_ci NOT NULL,
  `Basic Salary` int(20) NOT NULL,
  `Mobile Number` varchar(12) COLLATE utf8mb4_unicode_ci NOT NULL,
  `Email` varchar(50) COLLATE utf8mb4_unicode_ci NOT NULL,
  `casual_leaves` varchar(50) COLLATE utf8mb4_unicode_ci NOT NULL DEFAULT '20',
  `paid_leaves` varchar(50) COLLATE utf8mb4_unicode_ci NOT NULL DEFAULT '10',
  `sick_leaves` varchar(50) COLLATE utf8mb4_unicode_ci NOT NULL DEFAULT '20',
  PRIMARY KEY (`emp_id`)
) ENGINE=InnoDB DEFAULT CHARSET=utf8mb4 COLLATE=utf8mb4_unicode_ci;

INSERT INTO `dpy_employee` (`emp_id`, `First Name`, `Middle Name`, `Last Name`, `Designation`, `Department`, `Gender`, `Date of Join`, `Basic Salary`, `Mobile Number`, `Email`, `casual_leaves`, `paid_leaves`, `sick_leaves`) VALUES
(1,	'emp1',	'',	'',	'desgn',	'dep',	'male',	'2018',	0,	'2147483647',	'emp@dmk.com',	'24',	'10',	'20'),
(3,	'Harish',	'',	'Patil',	'Teaching Staff',	'Teaching',	'Male',	'27/6/2018',	21000,	'8877451271',	'alok.nayak@digimkey.com',	'9',	'10',	'20'),
(4,	'frank',	'james',	'lampard',	'Teaching Staff',	'Admin',	'Male',	'1/6/2018',	12345,	'1234567890',	'cfc@gsahdj.com',	'20',	'20',	'20'),
(5,	'jacob',	'',	'blazkwoski',	'Part-time Staff',	'Teaching',	'Male',	'20/5/2002',	12345,	'1234567893',	'jacob@gmail.com',	'20',	'20',	'0'),
(7,	'Stanford',	'james',	'brdfe',	'HR Staff',	'Admin',	'Male',	'8/6/2018',	2132,	'1212211231',	'bridge@gmail.com',	'20',	'20',	'20');

DROP TABLE IF EXISTS `dpy_employee_leave`;
CREATE TABLE `dpy_employee_leave` (
  `emp_id` int(11) NOT NULL,
  `emp_name` varchar(25) COLLATE utf8mb4_unicode_ci NOT NULL,
  `leave_type` varchar(25) COLLATE utf8mb4_unicode_ci NOT NULL,
  `start_date` varchar(25) COLLATE utf8mb4_unicode_ci NOT NULL,
  `end_date` varchar(25) COLLATE utf8mb4_unicode_ci NOT NULL,
  `reason` varchar(200) COLLATE utf8mb4_unicode_ci NOT NULL
) ENGINE=InnoDB DEFAULT CHARSET=utf8mb4 COLLATE=utf8mb4_unicode_ci;

INSERT INTO `dpy_employee_leave` (`emp_id`, `emp_name`, `leave_type`, `start_date`, `end_date`, `reason`) VALUES
(3,	'Harish',	'Holidays',	'28/6/2018',	'30/6/2018',	'One week family trip holiday. '),
(3,	'Harish',	'Holidays',	'29/6/2018',	'5/7/2018',	' family trip holiday. '),
(3,	'Harish',	'Paid leaves',	'28/6/2018',	'4/7/2018',	'Paid Leaves'),
(3,	'Harish',	'Paid leaves',	'28/6/2018',	'4/7/2018',	'Paid leaves'),
(3,	'Harish',	'Casual leaves',	'29/6/2018',	'30/6/2018',	'Not well '),
(4,	'frank',	'Casual leaves',	'1/6/2018',	'5/6/2018',	'i have pen i have apple. applepen PPAP'),
(4,	'frank',	'Casual leaves',	'1/6/2018',	'5/6/2018',	'i have pen i have apple. applepen PPAP'),
(4,	'frank',	'Casual leaves',	'1/6/2018',	'5/6/2018',	'i have pen i have apple. applepen PPAP'),
(3,	'Harish',	'Casual leaves',	'28/6/2018',	'5/7/2018',	'pen pineapple apple pen'),
(5,	'jacob',	'Sick leaves',	'1/6/2018',	'10/6/2018',	'pen apple pineapple pen'),
(5,	'jacob',	'Sick leaves',	'15/6/2018',	'17/6/2018',	'pen apple pnie apppl;e adjwd'),
(5,	'jacob',	'Sick leaves',	'29/6/2018',	'4/7/2018',	'csdcszdc'),
(5,	'jacob',	'Sick leaves',	'7/6/2018',	'30/6/2018',	'adssd'),
(5,	'jacob',	'Sick leaves',	'1/6/2018',	'5/6/2018',	'c vcx'),
(5,	'jacob',	'Sick leaves',	'1/6/2018',	'11/6/2018',	'bawhjwad dwad'),
(5,	'jacob',	'Sick leaves',	'1/6/2018',	'2/6/2018',	'adsa');

DROP TABLE IF EXISTS `dpy_institute`;
CREATE TABLE `dpy_institute` (
  `id` int(11) NOT NULL AUTO_INCREMENT,
  `name` varchar(100) COLLATE utf8mb4_unicode_ci NOT NULL,
  `institute_email` varchar(100) COLLATE utf8mb4_unicode_ci DEFAULT NULL,
  `contact` varchar(12) COLLATE utf8mb4_unicode_ci DEFAULT NULL,
  `board` varchar(100) COLLATE utf8mb4_unicode_ci NOT NULL,
  `nature` smallint(5) unsigned NOT NULL,
  `logo` varchar(100) COLLATE utf8mb4_unicode_ci NOT NULL,
  `school_image` varchar(100) COLLATE utf8mb4_unicode_ci NOT NULL,
  `medium` smallint(5) unsigned NOT NULL,
  `university` varchar(100) COLLATE utf8mb4_unicode_ci DEFAULT NULL,
  `address` varchar(110) COLLATE utf8mb4_unicode_ci NOT NULL,
  `city` varchar(20) COLLATE utf8mb4_unicode_ci DEFAULT NULL,
  `pin_code` int(11) NOT NULL,
  `state` varchar(20) COLLATE utf8mb4_unicode_ci DEFAULT NULL,
  `country` varchar(20) COLLATE utf8mb4_unicode_ci DEFAULT NULL,
  `status` smallint(5) unsigned NOT NULL,
  `created_on` datetime(6) NOT NULL,
  `created_by` int(11) NOT NULL,
  `updated_on` datetime(6) NOT NULL,
  `updated_by` int(11) NOT NULL,
  PRIMARY KEY (`id`)
) ENGINE=InnoDB DEFAULT CHARSET=utf8mb4 COLLATE=utf8mb4_unicode_ci;

INSERT INTO `dpy_institute` (`id`, `name`, `institute_email`, `contact`, `board`, `nature`, `logo`, `school_image`, `medium`, `university`, `address`, `city`, `pin_code`, `state`, `country`, `status`, `created_on`, `created_by`, `updated_on`, `updated_by`) VALUES
(1,	'Stanford',	'',	'7894561230',	'',	1,	'',	'',	1,	'mumbai',	'Kings Circle, fulham road',	'London',	123456,	'England',	'freaadwbj',	1,	'2018-06-20 12:32:09.000000',	0,	'2018-06-20 12:32:09.000000',	0),
(2,	'sterling institute',	'',	'1234567891',	'maharashtra',	2,	'',	'',	2,	'dasdwad',	'asdscsafd jadsbjhd asd',	'gshad adsad',	123456,	'maha',	'india',	1,	'2018-06-20 13:11:46.000000',	0,	'2018-06-20 13:11:46.000000',	0),
(3,	'mumbai university',	'',	'1234567890',	'',	1,	'institute_logo.png',	'institue_default.png',	1,	NULL,	'',	'mumbai',	400089,	'Maharashtra',	'India',	1,	'2018-06-27 10:59:55.453677',	5,	'2018-06-27 10:59:55.453737',	0);

DROP TABLE IF EXISTS `dpy_institute_class`;
CREATE TABLE `dpy_institute_class` (
  `id` int(11) NOT NULL AUTO_INCREMENT,
  `standard` varchar(255) COLLATE utf8mb4_unicode_ci NOT NULL,
  `division` varchar(100) COLLATE utf8mb4_unicode_ci NOT NULL,
  `batch` smallint(5) unsigned NOT NULL,
  `sort_index` smallint(5) unsigned NOT NULL,
  `status` smallint(5) unsigned NOT NULL,
  `created_on` datetime(6) NOT NULL,
  `created_by` int(11) NOT NULL,
  `updated_on` datetime(6) NOT NULL,
  `updated_by` int(11) NOT NULL,
  `department_id` int(11) NOT NULL,
  `institute_id` int(11) NOT NULL,
  PRIMARY KEY (`id`),
  KEY `dpy_institute_class_department_id_a936f583_fk_dpy_department_id` (`department_id`),
  KEY `dpy_institute_class_institute_id_cdad61dd_fk_dpy_institute_id` (`institute_id`),
  CONSTRAINT `dpy_institute_class_department_id_a936f583_fk_dpy_department_id` FOREIGN KEY (`department_id`) REFERENCES `dpy_department` (`id`),
  CONSTRAINT `dpy_institute_class_institute_id_cdad61dd_fk_dpy_institute_id` FOREIGN KEY (`institute_id`) REFERENCES `dpy_institute` (`id`)
) ENGINE=InnoDB DEFAULT CHARSET=utf8mb4 COLLATE=utf8mb4_unicode_ci;


DROP TABLE IF EXISTS `dpy_institute_user`;
CREATE TABLE `dpy_institute_user` (
  `id` int(11) NOT NULL AUTO_INCREMENT,
  `role` smallint(5) unsigned NOT NULL,
  `designation` varchar(100) COLLATE utf8mb4_unicode_ci NOT NULL,
  `date_of_joining` date DEFAULT NULL,
  `date_of_leaving` date DEFAULT NULL,
  `is_active` smallint(5) unsigned NOT NULL,
  `status` smallint(5) unsigned NOT NULL,
  `created_on` datetime(6) NOT NULL,
  `created_by` int(11) NOT NULL,
  `updated_on` datetime(6) NOT NULL,
  `updated_by` int(11) NOT NULL,
  `institute_id` int(11) NOT NULL,
  `user_id` int(11) NOT NULL,
  PRIMARY KEY (`id`),
  KEY `dpy_institute_user_institute_id_417f59ab_fk_dpy_institute_id` (`institute_id`),
  KEY `dpy_institute_user_user_id_96fde90e_fk_dpy_user_id` (`user_id`),
  CONSTRAINT `dpy_institute_user_institute_id_417f59ab_fk_dpy_institute_id` FOREIGN KEY (`institute_id`) REFERENCES `dpy_institute` (`id`),
  CONSTRAINT `dpy_institute_user_user_id_96fde90e_fk_dpy_user_id` FOREIGN KEY (`user_id`) REFERENCES `dpy_user` (`id`)
) ENGINE=InnoDB DEFAULT CHARSET=utf8mb4 COLLATE=utf8mb4_unicode_ci;

INSERT INTO `dpy_institute_user` (`id`, `role`, `designation`, `date_of_joining`, `date_of_leaving`, `is_active`, `status`, `created_on`, `created_by`, `updated_on`, `updated_by`, `institute_id`, `user_id`) VALUES
(1,	3,	'',	NULL,	NULL,	1,	1,	'2018-06-20 12:32:32.000000',	1,	'2018-06-20 12:32:32.000000',	1,	1,	1),
(2,	0,	'',	NULL,	NULL,	1,	1,	'2018-06-27 10:59:55.519614',	5,	'2018-06-27 10:59:55.519720',	0,	3,	5),
(3,	3,	'',	NULL,	NULL,	1,	1,	'2018-06-27 16:42:17.000000',	0,	'2018-06-27 16:42:17.000000',	0,	2,	6);

DROP TABLE IF EXISTS `dpy_students`;
CREATE TABLE `dpy_students` (
  `id` int(11) NOT NULL AUTO_INCREMENT,
  `first_name` varchar(20) COLLATE utf8mb4_unicode_ci NOT NULL,
  `middle_name` varchar(20) COLLATE utf8mb4_unicode_ci NOT NULL,
  `last_name` varchar(20) COLLATE utf8mb4_unicode_ci NOT NULL,
  `mother_name` varchar(20) COLLATE utf8mb4_unicode_ci NOT NULL,
  `date_of_addmission` varchar(20) COLLATE utf8mb4_unicode_ci NOT NULL,
  `roll_no` int(11) NOT NULL,
  `gr_no` int(11) NOT NULL,
  `email` varchar(100) COLLATE utf8mb4_unicode_ci DEFAULT NULL,
  `dob` varchar(20) COLLATE utf8mb4_unicode_ci NOT NULL,
  `blood_group` varchar(20) COLLATE utf8mb4_unicode_ci NOT NULL,
  `caste` varchar(20) COLLATE utf8mb4_unicode_ci NOT NULL,
  `nationality` varchar(20) COLLATE utf8mb4_unicode_ci NOT NULL,
  `religion` varchar(20) COLLATE utf8mb4_unicode_ci NOT NULL,
  `communication_address` varchar(255) COLLATE utf8mb4_unicode_ci NOT NULL,
  `permanent_address` varchar(255) COLLATE utf8mb4_unicode_ci NOT NULL,
  `adhar_no` varchar(20) COLLATE utf8mb4_unicode_ci NOT NULL,
  `house` varchar(20) COLLATE utf8mb4_unicode_ci NOT NULL,
  `special_quata` varchar(20) COLLATE utf8mb4_unicode_ci NOT NULL,
  `gender` varchar(20) COLLATE utf8mb4_unicode_ci NOT NULL,
  `student_type` varchar(20) COLLATE utf8mb4_unicode_ci NOT NULL,
  `mobile` varchar(12) COLLATE utf8mb4_unicode_ci NOT NULL,
  `student_class` varchar(20) COLLATE utf8mb4_unicode_ci NOT NULL,
  `section` varchar(20) COLLATE utf8mb4_unicode_ci NOT NULL,
  `institute_id` int(11) NOT NULL,
  PRIMARY KEY (`id`)
) ENGINE=InnoDB DEFAULT CHARSET=utf8mb4 COLLATE=utf8mb4_unicode_ci;

INSERT INTO `dpy_students` (`id`, `first_name`, `middle_name`, `last_name`, `mother_name`, `date_of_addmission`, `roll_no`, `gr_no`, `email`, `dob`, `blood_group`, `caste`, `nationality`, `religion`, `communication_address`, `permanent_address`, `adhar_no`, `house`, `special_quata`, `gender`, `student_type`, `mobile`, `student_class`, `section`, `institute_id`) VALUES
(201,	'Stanford',	'andres',	'hernandes',	'awds',	'10/3/1905',	5,	5,	NULL,	'2/5/1988',	'A',	'dsadf',	'India',	'adwa',	'Kings Circle, fulham road',	'Kings Circle, fulham road',	'112234567098',	'asca',	'scsadc',	'adsdsad',	'sadsad',	'sdsad',	'5th',	'A',	2),
(206,	'Jason',	'adsawd',	'Jones',	'',	'04/02/04',	12,	11,	NULL,	'05/04/95',	'sa ',	'fefsad',	'awdwa',	'fdasdw',	'adwdsdwadsd dawdwdv  -44',	'cascadwadcacsdw',	'123456879012',	'adwdsa',	'awdwa',	'male',	'awdsadas',	'1234567890',	'5th',	'A',	1),
(207,	'Ande',	'dawdsvas',	'Jones',	'cswcas',	'04/02/04',	12,	11,	NULL,	'05/04/95',	'sa',	'fefsad',	'awdwa',	'fdasdw',	'adwdsdwadsd dawdwdv  -44',	'cascadwadcacsdw',	'123456879012',	'adwdsa',	'awdwa',	'female',	'awdsadas',	'1234567890',	'5th',	'B',	1),
(208,	'Allen',	'',	'Halilovic',	'cswcas',	'04/02/04',	12,	11,	'None',	'05/04/95',	'AB+',	'fefsad',	'awdwa',	'fdasdw',	'adwdsdwadsd dawdwdv  -44',	'cascadwadcacsdw',	'123456879012',	'adwdsa',	'awdwa',	'male',	'awdsadas',	'1234567890',	'7th',	'A',	1),
(209,	'frank',	'james',	'lampard',	'cswcas',	'04/02/04',	12,	11,	'cfc@gsahdj.com',	'05/04/95',	'B+',	'fefsad',	'awdwa',	'fdasdw',	'adwdsdwadsd dawdwdv  -44',	'cascadwadcacsdw',	'123456879012',	'adwdsa',	'awdwa',	'male',	'awdsadas',	'1234567890',	'8th',	'A',	1),
(214,	'Jason',	'adsawd',	'Jones',	'',	'04/02/04',	12,	11,	NULL,	'05/04/95',	'sa ',	'fefsad',	'awdwa',	'fdasdw',	'adwdsdwadsd, dawdwdv  -44',	'cascadwadcacsdw',	'123456879012',	'adwdsa',	'awdwa',	'adwda',	'awdsadas',	'1234567890',	'5th',	'A',	1),
(215,	'Ande',	'dawdsvas',	'Jones',	'cswcas',	'04/02/04',	12,	11,	NULL,	'05/04/95',	'sa',	'fefsad',	'awdwa',	'fdasdw',	'adwdsdwadsd dawdwdv  -44',	'cascadwadcacsdw',	'123456879012',	'adwdsa',	'awdwa',	'adwda',	'awdsadas',	'1234567890',	'5th',	'B',	1),
(216,	'Anne',	'',	'Smith',	'cswcas',	'04/02/04',	12,	11,	NULL,	'05/04/95',	'sa',	'fefsad',	'awdwa',	'fdasdw',	'adwdsdwadsd dawdwdv  -44',	'cascadwadcacsdw',	'123456879012',	'adwdsa',	'awdwa',	'adwda',	'awdsadas',	'1234567890',	'7th',	'A',	1),
(217,	'Framk',	'james',	'Lampard',	'cswcas',	'04/02/04',	12,	11,	NULL,	'05/04/95@',	'sa',	'fefsad',	'awdwa',	'fdasdw',	'adwdsdwadsd dawdwdv  -44',	'cascadwadcacsdw',	'123456879012',	'adwdsa',	'awdwa',	'adwda',	'awdsadas',	'1234567890',	'8th',	'A',	1),
(227,	'Jacob',	'akjwd',	'ajkdhn',	'ajwkd',	'1/6/2018',	12,	22,	NULL,	'11/2/1995',	'AB+',	'XYZ',	'India',	'adw',	'Kings Circle, fulham road',	'Kings Circle, fulham road',	'132132134245',	'Kings Circle',	'awd',	'male',	'aw',	'1234567890',	'',	'',	1),
(228,	'Stanford',	'asd',	'sadsad',	'Joanna',	'16/6/2018',	12,	45,	NULL,	'8/6/2018',	'A+',	'XYZ',	'India',	'saadwd',	'Kings Circle, fulham road',	'Kings Circle, fulham road',	'123456789098',	' fulham road',	'adawd',	'male',	'dawdwa',	'1234567890',	'',	'',	1),
(229,	'xavi',	'andres',	'hernandes',	'dwawdaw',	'3/6/2018',	213,	211,	'None',	'1/6/2018',	'AB+',	'XYZ',	'India',	'adwsdwa',	'Kings Circle, fulham road',	'Kings Circle, fulham road',	'123454567878',	'sffesa',	'da',	'male',	'wdaw',	'1234567890',	'5th',	'A',	2),
(230,	'Stanford',	'asd',	'sadsad',	'Joanna',	'2/6/2018',	23,	33,	NULL,	'1/6/2018',	'AB+',	'ABC',	'India',	'dawdw',	'Kings Circle, fulham road',	'Kings Circle, fulham road',	'121123213213',	'Kings Circle',	'awef',	'male',	'dawwa',	'1234567890',	'5th',	'C',	2),
(231,	'Andre ',	'Arsenal',	'Arshawin',	'wenger',	'4/4/4444',	4,	4,	'None',	'4/4/4444',	'AB+',	'ABC',	'gunner',	'gunner',	'Emirates Stadium',	'Emirates Stadium',	'444444444444',	'Emirates Stadium',	'addwa',	'male',	'adfwead',	'4444444444',	'4th',	'D',	2),
(232,	'Ashley',	'asd',	'sadsad',	'Joanna',	'6/6/2018',	324,	3,	NULL,	'2/6/2018',	'AB+',	'ABC',	'India',	'adjsd',	'Kings Circle, fulham road',	'Kings Circle, fulham road',	'123456789098',	'gdr',	'daw',	'male',	'daw',	'1234567890',	'5th',	'A',	2),
(236,	'Ande',	'dawdsvas',	'Jones',	'cswcas',	'04/02/04',	12,	11,	NULL,	'05/04/95',	'sa',	'fefsad',	'awdwa',	'fdasdw',	'adwdsdwadsd dawdwdv  -44',	'cascadwadcacsdw',	'123456879012',	'adwdsa',	'awdwa',	'adwda',	'awdsadas',	'1234567890',	'5th',	'B',	2),
(237,	'Anne',	'',	'Smith',	'cswcas',	'04/02/04',	12,	11,	NULL,	'05/04/95',	'sa',	'fefsad',	'awdwa',	'fdasdw',	'adwdsdwadsd dawdwdv  -44',	'cascadwadcacsdw',	'123456879012',	'adwdsa',	'awdwa',	'adwda',	'awdsadas',	'1234567890',	'7th',	'A',	2),
(238,	'Framk',	'james',	'Lampard',	'cswcas',	'04/02/04',	12,	11,	NULL,	'05/04/95@',	'sa',	'fefsad',	'awdwa',	'fdasdw',	'adwdsdwadsd dawdwdv  -44',	'cascadwadcacsdw',	'123456879012',	'adwdsa',	'awdwa',	'adwda',	'awdsadas',	'1234567890',	'8th',	'A',	2),
(239,	'Ande',	'dawdsvas',	'Jones',	'cswcas',	'04/02/04',	12,	11,	NULL,	'05/04/95',	'sa',	'fefsad',	'awdwa',	'fdasdw',	'adwdsdwadsd dawdwdv  -44',	'cascadwadcacsdw',	'123456879012',	'adwdsa',	'awdwa',	'adwda',	'awdsadas',	'1234567890',	'5th',	'B',	2),
(240,	'Anne',	'',	'Smith',	'cswcas',	'04/02/04',	12,	11,	NULL,	'05/04/95',	'sa',	'fefsad',	'awdwa',	'fdasdw',	'adwdsdwadsd dawdwdv  -44',	'cascadwadcacsdw',	'123456879012',	'adwdsa',	'awdwa',	'adwda',	'awdsadas',	'1234567890',	'7th',	'A',	2),
(241,	'Frank',	'james',	'Lampard',	'cswcas',	'04/02/04',	12,	11,	'None',	'05/04/95@',	'',	'fefsad',	'awdwa',	'fdasdw',	'adwdsdwadsd dawdwdv  -44',	'cascadwadcacsdw',	'123456879012',	'adwdsa',	'awdwa',	'',	'awdsadas',	'1234567890',	'8th',	'A',	2),
(242,	'Ande',	'dawdsvas',	'Jones',	'cswcas',	'04/02/04',	12,	11,	NULL,	'05/04/95',	'sa',	'fefsad',	'awdwa',	'fdasdw',	'adwdsdwadsd dawdwdv  -44',	'cascadwadcacsdw',	'123456879012',	'adwdsa',	'awdwa',	'adwda',	'awdsadas',	'1234567890',	'5th',	'B',	1),
(243,	'Anne',	'',	'Smith',	'cswcas',	'04/02/04',	12,	11,	NULL,	'05/04/95',	'sa',	'fefsad',	'awdwa',	'fdasdw',	'adwdsdwadsd dawdwdv  -44',	'cascadwadcacsdw',	'123456879012',	'adwdsa',	'awdwa',	'adwda',	'awdsadas',	'1234567890',	'7th',	'A',	1),
(244,	'Framk',	'james',	'Lampard',	'cswcas',	'04/02/04',	12,	11,	NULL,	'05/04/95@',	'sa',	'fefsad',	'awdwa',	'fdasdw',	'adwdsdwadsd dawdwdv  -44',	'cascadwadcacsdw',	'123456879012',	'adwdsa',	'awdwa',	'adwda',	'awdsadas',	'1234567890',	'8th',	'A',	1),
(255,	'Jason',	'adsawd',	'Jones',	'',	'04/02/04',	12,	11,	'cfc@bridge.com',	'05/04/95',	'sa ',	'fefsad',	'awdwa',	'fdasdw',	'Adwdsdwadsd dawdwdv  -44',	'cascadwadcacsdw',	'123456879012',	'adwdsa',	'awdwa',	'adwda',	'awdsadas',	'1234567890',	'5th',	'A',	1),
(256,	'Ande',	'dawdsvas',	'Jones',	'cswcas',	'04/02/04',	12,	11,	'cfc@bridge.com',	'05/04/95',	'sa',	'fefsad',	'awdwa',	'fdasdw',	'adwdsdwadsd dawdwdv  -44',	'cascadwadcacsdw',	'123456879012',	'adwdsa',	'awdwa',	'adwda',	'awdsadas',	'1234567890',	'5th',	'B',	1),
(257,	'Anne',	'',	'Smith',	'cswcas',	'04/02/04',	12,	11,	'cfc@bridge.com',	'05/04/95',	'sa',	'fefsad',	'awdwa',	'fdasdw',	'adwdsdwadsd dawdwdv  -44',	'cascadwadcacsdw',	'123456879012',	'adwdsa',	'awdwa',	'adwda',	'awdsadas',	'1234567890',	'7th',	'A',	1),
(258,	'Framk',	'james',	'Lampard',	'cswcas',	'04/02/04',	12,	11,	'cfc@bridge.com',	'05/04/95',	'sa',	'fefsad',	'awdwa',	'fdasdw',	'adwdsdwadsd dawdwdv  -44',	'cascadwadcacsdw',	'123456879012',	'adwdsa',	'awdwa',	'adwda',	'awdsadas',	'1234567890',	'8th',	'A',	1),
(259,	'Jason',	'adsawd',	'Jones',	'',	'04/02/04',	12,	11,	'cfc@bridge.com',	'05/04/95',	'sa',	'fefsad',	'awdwa',	'fdasdw',	'Adwdsdwadsd dawdwdv  -44',	'cascadwadcacsdw',	'123456879012',	'adwdsa',	'awdwa',	'adwda',	'awdsadas',	'1234567890',	'5th',	'A',	2),
(260,	'Ande',	'dawdsvas',	'Jones',	'cswcas',	'04/02/04',	12,	11,	'cfc@bridge.com',	'05/04/95',	'sa',	'fefsad',	'awdwa',	'fdasdw',	'adwdsdwadsd dawdwdv  -44',	'cascadwadcacsdw',	'123456879012',	'adwdsa',	'awdwa',	'adwda',	'awdsadas',	'1234567890',	'5th',	'B',	2),
(261,	'Anne',	'',	'Smith',	'cswcas',	'04/02/04',	12,	11,	'cfc@bridge.com',	'05/04/95',	'sa',	'fefsad',	'awdwa',	'fdasdw',	'adwdsdwadsd dawdwdv  -44',	'cascadwadcacsdw',	'123456879012',	'adwdsa',	'awdwa',	'adwda',	'awdsadas',	'1234567890',	'7th',	'A',	2),
(262,	'Framk',	'james',	'Lampard',	'cswcas',	'04/02/04',	12,	11,	'cfc@bridge.com',	'05/04/95',	'sa',	'fefsad',	'awdwa',	'fdasdw',	'adwdsdwadsd dawdwdv  -44',	'cascadwadcacsdw',	'123456879012',	'adwdsa',	'awdwa',	'adwda',	'awdsadas',	'1234567890',	'8th',	'A',	2);

DROP TABLE IF EXISTS `dpy_students_absenties`;
CREATE TABLE `dpy_students_absenties` (
  `id` int(11) NOT NULL AUTO_INCREMENT,
  `date` varchar(20) COLLATE utf8mb4_unicode_ci NOT NULL,
  `student_id` int(11) NOT NULL,
  `teacher_id` int(11) NOT NULL,
  `status` tinyint(4) NOT NULL DEFAULT '1',
  `created_on` datetime DEFAULT NULL ON UPDATE CURRENT_TIMESTAMP,
  `created_by` int(11) NOT NULL DEFAULT '0',
  `updated_on` datetime DEFAULT NULL,
  `updated_by` int(11) NOT NULL DEFAULT '0',
  PRIMARY KEY (`id`)
) ENGINE=InnoDB DEFAULT CHARSET=utf8mb4 COLLATE=utf8mb4_unicode_ci;

INSERT INTO `dpy_students_absenties` (`id`, `date`, `student_id`, `teacher_id`, `status`, `created_on`, `created_by`, `updated_on`, `updated_by`) VALUES
(1,	'2018-06-28',	229,	6,	1,	'2018-06-28 13:22:54',	0,	'2018-06-28 13:22:54',	0),
(2,	'2018-06-28',	232,	6,	1,	'2018-06-28 13:22:54',	0,	'2018-06-28 13:22:54',	0),
(3,	'2018-06-28',	241,	6,	1,	'2018-06-28 13:28:22',	0,	'2018-06-28 13:28:22',	0),
(4,	'2018-06-28',	241,	6,	1,	'2018-06-28 13:28:45',	0,	'2018-06-28 13:28:45',	0),
(5,	'2018-06-28',	240,	6,	1,	'2018-06-28 13:29:15',	0,	'2018-06-28 13:29:15',	0),
(6,	'2018-06-28',	237,	6,	1,	'2018-06-28 13:30:43',	0,	'2018-06-28 13:30:43',	0),
(7,	'2018-06-28',	201,	6,	1,	'2018-06-28 13:31:31',	0,	'2018-06-28 13:31:31',	0),
(8,	'2018-06-28',	229,	6,	1,	'2018-06-28 13:31:58',	0,	'2018-06-28 13:31:58',	0),
(9,	'2018-06-28',	231,	6,	1,	'2018-06-28 13:32:08',	0,	'2018-06-28 13:32:08',	0),
(10,	'2018-06-29',	236,	6,	1,	'2018-06-29 07:02:56',	0,	'2018-06-29 07:02:56',	0),
(11,	'2018-06-29',	201,	6,	1,	'2018-06-29 07:34:50',	0,	'2018-06-29 07:34:50',	0);

DROP TABLE IF EXISTS `dpy_user`;
CREATE TABLE `dpy_user` (
  `id` int(11) NOT NULL AUTO_INCREMENT,
  `password` varchar(128) COLLATE utf8mb4_unicode_ci NOT NULL,
  `last_login` datetime(6) DEFAULT NULL,
  `is_superuser` tinyint(1) NOT NULL,
  `username` varchar(150) COLLATE utf8mb4_unicode_ci NOT NULL,
  `first_name` varchar(30) COLLATE utf8mb4_unicode_ci NOT NULL,
  `last_name` varchar(150) COLLATE utf8mb4_unicode_ci NOT NULL,
  `is_staff` tinyint(1) NOT NULL,
  `is_active` tinyint(1) NOT NULL,
  `date_joined` datetime(6) NOT NULL,
  `email` varchar(254) COLLATE utf8mb4_unicode_ci DEFAULT NULL,
  `middle_name` varchar(75) COLLATE utf8mb4_unicode_ci DEFAULT NULL,
  `mobile` varchar(16) COLLATE utf8mb4_unicode_ci DEFAULT NULL,
  `dob` date DEFAULT NULL,
  `image` varchar(100) COLLATE utf8mb4_unicode_ci NOT NULL,
  `status` smallint(5) unsigned NOT NULL,
  `created_on` datetime(6) NOT NULL,
  `created_by` int(11) NOT NULL,
  `updated_on` datetime(6) NOT NULL,
  `updated_by` int(11) NOT NULL,
  PRIMARY KEY (`id`),
  UNIQUE KEY `username` (`username`),
  UNIQUE KEY `email` (`email`),
  UNIQUE KEY `mobile` (`mobile`)
) ENGINE=InnoDB DEFAULT CHARSET=utf8mb4 COLLATE=utf8mb4_unicode_ci;

INSERT INTO `dpy_user` (`id`, `password`, `last_login`, `is_superuser`, `username`, `first_name`, `last_name`, `is_staff`, `is_active`, `date_joined`, `email`, `middle_name`, `mobile`, `dob`, `image`, `status`, `created_on`, `created_by`, `updated_on`, `updated_by`) VALUES
(1,	'pbkdf2_sha256$100000$9aR7fL1zZ1KT$UUQkMiInWJgQtD+6jdj8QG3qeN7imCC+5o6HpqgYMXc=',	'2018-06-27 07:32:00.542704',	1,	'abel',	'abel',	'hernandes',	1,	1,	'2018-06-20 07:00:15.117308',	'abel@gmail.com',	'',	'8286054060',	NULL,	'emp_default.png',	1,	'2018-06-20 07:00:15.208249',	0,	'2018-06-20 07:00:15.208282',	0),
(4,	'12345678',	NULL,	1,	'demo',	'Stanford',	'sadsad',	1,	1,	'2018-06-20 16:47:12.000000',	'pvg@gmail.com',	'asd',	'1234567890',	NULL,	'',	1,	'2018-06-20 16:47:12.000000',	1,	'2018-06-20 16:47:12.000000',	1),
(5,	'pbkdf2_sha256$100000$9aR7fL1zZ1KT$UUQkMiInWJgQtD+6jdj8QG3qeN7imCC+5o6HpqgYMXc=',	'2018-06-27 11:01:04.116984',	1,	'f.lampard_dmk',	'frank',	'lampard',	0,	1,	'2018-06-27 10:59:55.237041',	'frank@gmail.com',	NULL,	'1234567888',	NULL,	'emp_default.png',	1,	'2018-06-27 10:59:55.336760',	0,	'2018-06-27 10:59:55.409585',	0),
(6,	'pbkdf2_sha256$100000$xA7XEh1u4G2W$KW4pwq7L4I/ruwEWOQy+Pi9NDdgVBlH8E6WpMwyOC/Q=',	'2018-06-29 06:53:02.087321',	1,	'sterling',	'raheem',	'sterling',	1,	1,	'2018-06-27 11:06:54.451711',	'sterling@gmail.com',	NULL,	'7894561236',	NULL,	'emp_default.png',	1,	'2018-06-27 11:06:54.544814',	0,	'2018-06-27 11:06:54.544848',	0);

DROP TABLE IF EXISTS `dpy_user_groups`;
CREATE TABLE `dpy_user_groups` (
  `id` int(11) NOT NULL AUTO_INCREMENT,
  `dpyusers_id` int(11) NOT NULL,
  `group_id` int(11) NOT NULL,
  PRIMARY KEY (`id`),
  UNIQUE KEY `dpy_user_groups_dpyusers_id_group_id_69235eb3_uniq` (`dpyusers_id`,`group_id`),
  KEY `dpy_user_groups_group_id_96810108_fk_auth_group_id` (`group_id`),
  CONSTRAINT `dpy_user_groups_dpyusers_id_e986e7c2_fk_dpy_user_id` FOREIGN KEY (`dpyusers_id`) REFERENCES `dpy_user` (`id`),
  CONSTRAINT `dpy_user_groups_group_id_96810108_fk_auth_group_id` FOREIGN KEY (`group_id`) REFERENCES `auth_group` (`id`)
) ENGINE=InnoDB DEFAULT CHARSET=utf8mb4 COLLATE=utf8mb4_unicode_ci;


DROP TABLE IF EXISTS `dpy_user_user_permissions`;
CREATE TABLE `dpy_user_user_permissions` (
  `id` int(11) NOT NULL AUTO_INCREMENT,
  `dpyusers_id` int(11) NOT NULL,
  `permission_id` int(11) NOT NULL,
  PRIMARY KEY (`id`),
  UNIQUE KEY `dpy_user_user_permission_dpyusers_id_permission_i_df2f8d9b_uniq` (`dpyusers_id`,`permission_id`),
  KEY `dpy_user_user_permis_permission_id_89331620_fk_auth_perm` (`permission_id`),
  CONSTRAINT `dpy_user_user_permis_permission_id_89331620_fk_auth_perm` FOREIGN KEY (`permission_id`) REFERENCES `auth_permission` (`id`),
  CONSTRAINT `dpy_user_user_permissions_dpyusers_id_661d9623_fk_dpy_user_id` FOREIGN KEY (`dpyusers_id`) REFERENCES `dpy_user` (`id`)
) ENGINE=InnoDB DEFAULT CHARSET=utf8mb4 COLLATE=utf8mb4_unicode_ci;


-- 2018-06-29 10:56:48
